INSERT INTO ESTUDIANTE (Matricula, Curp, Nombre, apellido1, apellido2, FechaNacimiento, Telefono, Correo, Genero, CicloEscolar, NivelActual, Status)
VALUES
('Matricula1', 'CURP1', 'IMANOL', 'ROA', 'NADAL', '2006-1-9', '+85 756-119-1711', 'Matricula1@gmail.com', 'Hombre', 'Secundaria', '2013-2016', 1),
('Matricula2', 'CURP2', 'GODOFREDO', 'FABIAN', NULL, '2013-12-17', NULL, NULL, 'Hombre', 'Primaria', '2011-2017', 1),
('Matricula3', 'CURP3', 'URANO', 'LECUMBERRI', NULL, '2010-3-7', NULL, NULL, 'Hombre', 'Kinder', '2014-2017', 1),
('Matricula4', 'CURP4', 'GABRIEL', 'ADÁN', NULL, '2010-2-6', NULL, NULL, 'Hombre', 'Primaria', '2014-2020', 0),
('Matricula5', 'CURP5', 'RENATA', 'CASAS', 'GRANADA', '2006-6-12', '+13 595-549-4327', 'Matricula5@gmail.com', 'Mujer', 'Secundaria', '2011-2014', 1),
('Matricula6', 'CURP6', 'GENOVEVA', 'MARTINEZ', 'CAMPOS', '2013-3-2', NULL, 'Matricula6@gmail.com', 'Mujer', 'Primaria', '2010-2016', 1),
('Matricula7', 'CURP7', 'KAREN', 'MACIAS', 'ROA', '2013-11-11', NULL, NULL, 'Mujer', 'Kinder', '2011-2014', 0),
('Matricula8', 'CURP8', 'OSIRIS', 'LECUMBERRI', 'ALARCON', '2014-4-15', '+82 751-287-6913', 'Matricula8@gmail.com', 'Hombre', 'Kinder', '2010-2013', 1),
('Matricula9', 'CURP9', 'ÁNGELA', 'MACEDO', 'ARANA', '2007-7-5', '+103 278-926-5503', NULL, 'Mujer', 'Kinder', '2013-2016', 0),
('Matricula10', 'CURP10', 'PRISCILA', 'ARANA', NULL, '2007-3-16', '+60 209-587-9668', 'Matricula10@gmail.com', 'Mujer', 'Kinder', '2014-2017', 1),
('Matricula11', 'CURP11', 'MÁXIMO', 'ADRIÁN', 'BAHENA', '2008-11-18', '+76 100-696-6142', NULL, 'Hombre', 'Kinder', '2014-2017', 1),
('Matricula12', 'CURP12', 'LESLY', 'AYALA', NULL, '2011-4-7', NULL, 'Matricula12@gmail.com', 'Mujer', 'Kinder', '2013-2016', 1),
('Matricula13', 'CURP13', 'MAXIMILIANO', 'VILLALOBOS', NULL, '2011-1-26', '+34 495-110-8673', NULL, 'Hombre', 'Primaria', '2010-2016', 1),
('Matricula14', 'CURP14', 'NORMA', 'BAENA', 'MOLINA', '2010-9-6', '+107 544-943-1640', 'Matricula14@gmail.com', 'Mujer', 'Primaria', '2014-2020', 1),
('Matricula15', 'CURP15', 'CLAUDIA', 'ELIZALDE', 'MALAGON', '2013-2-3', '+36 412-972-9595', 'Matricula15@gmail.com', 'Mujer', 'Kinder', '2012-2015', 1),
('Matricula16', 'CURP16', 'CARLA', 'CISNEROS', NULL, '2015-3-17', NULL, NULL, 'Mujer', 'Secundaria', '2010-2013', 0),
('Matricula17', 'CURP17', 'HERIBERTA', 'RODRÍGUEZ', 'CASTREJON', '2010-12-27', NULL, 'Matricula17@gmail.com', 'Mujer', 'Primaria', '2012-2018', 1),
('Matricula18', 'CURP18', 'ASUNCIÓN', 'DELGADO', NULL, '2015-1-16', NULL, NULL, 'Mujer', 'Kinder', '2012-2015', 0),
('Matricula19', 'CURP19', 'DIEGO', 'AVILA', NULL, '2015-10-19', NULL, 'Matricula19@gmail.com', 'Hombre', 'Secundaria', '2014-2017', 1),
('Matricula20', 'CURP20', 'EMILIANO', 'CASTAÑARES', NULL, '2012-7-14', '+64 332-317-5404', 'Matricula20@gmail.com', 'Hombre', 'Secundaria', '2012-2015', 0),
('Matricula21', 'CURP21', 'NARCISO', 'ORTIZ', 'ALDAY', '2006-11-9', NULL, NULL, 'Hombre', 'Primaria', '2010-2016', 0),
('Matricula22', 'CURP22', 'DAMIAN', 'ABARCA', 'ARANA', '2009-11-23', '+43 543-289-5088', NULL, 'Hombre', 'Secundaria', '2014-2017', 0),
('Matricula23', 'CURP23', 'ISAÍAS', 'NEGRETE', 'VIVAR', '2013-3-18', '+90 643-429-5215', 'Matricula23@gmail.com', 'Hombre', 'Secundaria', '2014-2017', 1),
('Matricula24', 'CURP24', 'ALBERTO', 'ADÁN', NULL, '2013-1-6', '+44 112-282-4092', 'Matricula24@gmail.com', 'Hombre', 'Secundaria', '2014-2017', 1),
('Matricula25', 'CURP25', 'ÁNGELA', 'ECHEVARRÍA', 'CELIS', '2009-4-27', '+100 726-696-8859', NULL, 'Mujer', 'Kinder', '2014-2017', 1),
('Matricula26', 'CURP26', 'DARÍO', 'BOBADILLA', NULL, '2010-4-19', NULL, 'Matricula26@gmail.com', 'Hombre', 'Kinder', '2014-2017', 0),
('Matricula27', 'CURP27', 'JESSICA', 'HERMOSA', NULL, '2008-3-28', NULL, NULL, 'Mujer', 'Secundaria', '2013-2016', 0),
('Matricula28', 'CURP28', 'ADÁN', 'GUEVARA', 'CABALLERO', '2012-12-9', NULL, 'Matricula28@gmail.com', 'Hombre', 'Kinder', '2011-2014', 1),
('Matricula29', 'CURP29', 'ISIDORO', 'CÁRDENAS', 'OCHOA', '2009-12-17', '+80 305-329-9037', NULL, 'Hombre', 'Primaria', '2012-2018', 0),
('Matricula30', 'CURP30', 'FÁTIMA', 'DE LA TIJERA', 'ALARCON', '2006-6-27', NULL, NULL, 'Mujer', 'Kinder', '2014-2017', 1),
('Matricula31', 'CURP31', 'JAZMÍN', 'SOTELO', NULL, '2009-11-23', '+80 504-471-3872', NULL, 'Mujer', 'Primaria', '2014-2020', 1),
('Matricula32', 'CURP32', 'OSVALDO', 'CASTRO', 'DOMINGO', '2006-3-1', NULL, NULL, 'Hombre', 'Secundaria', '2013-2016', 1),
('Matricula33', 'CURP33', 'DOMINGO', 'CHAVEZ', NULL, '2013-8-12', '+83 992-232-8220', NULL, 'Hombre', 'Secundaria', '2012-2015', 0),
('Matricula34', 'CURP34', 'FELIPE', 'RINCÓN', 'ARAIZAGA', '2009-3-25', NULL, NULL, 'Hombre', 'Primaria', '2010-2016', 1),
('Matricula35', 'CURP35', 'DANITZA', 'CADENA', NULL, '2010-10-22', '+104 224-526-8604', 'Matricula35@gmail.com', 'Mujer', 'Secundaria', '2010-2013', 1),
('Matricula36', 'CURP36', 'CATALINA', 'OCAMPO', 'ANSÚREZ', '2006-3-15', NULL, NULL, 'Mujer', 'Secundaria', '2012-2015', 0),
('Matricula37', 'CURP37', 'SOLEDAD', 'SOTELO', NULL, '2010-2-27', '+57 833-905-2318', NULL, 'Mujer', 'Primaria', '2012-2018', 1),
('Matricula38', 'CURP38', 'ROSALÍA', 'ADÁN', NULL, '2014-1-19', NULL, NULL, 'Mujer', 'Secundaria', '2010-2013', 0),
('Matricula39', 'CURP39', 'THAIS', 'NADAL', NULL, '2007-5-9', '+64 412-548-5717', NULL, 'Mujer', 'Kinder', '2010-2013', 1),
('Matricula40', 'CURP40', 'AZUCENA', 'ALFONSÍN', 'ACEBES', '2010-2-21', '+53 185-793-7267', 'Matricula40@gmail.com', 'Mujer', 'Kinder', '2014-2017', 1),
('Matricula41', 'CURP41', 'EVANGELINA', 'ACEBES', NULL, '2014-3-4', '+41 413-189-3625', 'Matricula41@gmail.com', 'Mujer', 'Primaria', '2010-2016', 1),
('Matricula42', 'CURP42', 'MAGDALENA', 'GRANDE', NULL, '2015-11-25', NULL, NULL, 'Mujer', 'Kinder', '2011-2014', 1),
('Matricula43', 'CURP43', 'OSIRIS', 'AVILÉS', 'BOSCH', '2008-1-19', '+64 745-684-7186', NULL, 'Hombre', 'Kinder', '2010-2013', 1),
('Matricula44', 'CURP44', 'ABRAHAM', 'JARAMILLO', NULL, '2013-12-4', '+65 987-257-3453', NULL, 'Hombre', 'Kinder', '2010-2013', 1),
('Matricula45', 'CURP45', 'VALENTINA', 'ANTÚNEZ', 'CHINO', '2013-6-3', NULL, 'Matricula45@gmail.com', 'Mujer', 'Kinder', '2012-2015', 1),
('Matricula46', 'CURP46', 'ALBERTO', 'ABRÉU', 'BORBOLLA', '2015-3-1', NULL, 'Matricula46@gmail.com', 'Hombre', 'Primaria', '2013-2019', 0),
('Matricula47', 'CURP47', 'ÁLVARO', 'SALAZAR', NULL, '2015-1-3', '+70 475-896-2148', NULL, 'Hombre', 'Secundaria', '2010-2013', 0),
('Matricula48', 'CURP48', 'EUFEMIA', 'BETZAIRA', 'GÜEMES', '2010-8-6', '+94 669-359-2323', NULL, 'Mujer', 'Kinder', '2014-2017', 0),
('Matricula49', 'CURP49', 'KARLA', 'OLANO', 'ZARATE', '2009-9-22', NULL, NULL, 'Mujer', 'Primaria', '2014-2020', 0),
('Matricula50', 'CURP50', 'MABEL', 'GOYA', NULL, '2009-7-24', NULL, 'Matricula50@gmail.com', 'Mujer', 'Primaria', '2011-2017', 0),
('Matricula51', 'CURP51', 'NIDIA', 'GARFIAS', NULL, '2008-7-18', NULL, NULL, 'Mujer', 'Secundaria', '2014-2017', 1),
('Matricula52', 'CURP52', 'LILIANA', 'ALARCON', NULL, '2009-2-8', '+89 849-555-9205', NULL, 'Mujer', 'Kinder', '2012-2015', 1),
('Matricula53', 'CURP53', 'SALOME', 'BAHENA', 'ALDAY', '2006-11-13', NULL, 'Matricula53@gmail.com', 'Mujer', 'Primaria', '2012-2018', 0),
('Matricula54', 'CURP54', 'GRISEL', 'BALLESTEROS', NULL, '2015-4-3', '+73 449-523-5449', NULL, 'Mujer', 'Secundaria', '2014-2017', 0),
('Matricula55', 'CURP55', 'SANTIAGO', 'ESPINOSA', 'ALLER', '2013-6-21', '+57 733-804-8348', 'Matricula55@gmail.com', 'Hombre', 'Secundaria', '2012-2015', 1),
('Matricula56', 'CURP56', 'NÉSTOR', 'SERVIN', NULL, '2006-2-8', '+11 949-419-6126', NULL, 'Hombre', 'Primaria', '2013-2019', 0),
('Matricula57', 'CURP57', 'ADELAIDA', 'VAZQUEZ', 'ANDUAGA', '2008-12-20', '+39 316-148-6763', 'Matricula57@gmail.com', 'Mujer', 'Secundaria', '2013-2016', 0),
('Matricula58', 'CURP58', 'LEONARDO', 'ALCARAZ', 'ORTIZ', '2010-5-24', NULL, NULL, 'Hombre', 'Primaria', '2011-2017', 1),
('Matricula59', 'CURP59', 'PIEDAD', 'ALMANZA', NULL, '2011-10-3', NULL, NULL, 'Mujer', 'Primaria', '2010-2016', 1),
('Matricula60', 'CURP60', 'SANTIAGO', 'QUINTANA', NULL, '2014-11-21', '+63 443-366-8838', 'Matricula60@gmail.com', 'Hombre', 'Kinder', '2014-2017', 1),
('Matricula61', 'CURP61', 'IDEFONSO', 'ALARCÓN', 'SAHAGUN', '2014-12-21', NULL, NULL, 'Hombre', 'Primaria', '2014-2020', 1),
('Matricula62', 'CURP62', 'LUIS', 'CARRILLO', 'ALTAMIRANO', '2011-5-5', NULL, 'Matricula62@gmail.com', 'Hombre', 'Kinder', '2013-2016', 1),
('Matricula63', 'CURP63', 'ENRIQUE', 'BETZAIRA', 'VILLA', '2015-5-17', NULL, 'Matricula63@gmail.com', 'Hombre', 'Secundaria', '2010-2013', 1),
('Matricula64', 'CURP64', 'VIRGINIA', 'RAMÍREZ', 'OJEDA', '2008-9-24', NULL, 'Matricula64@gmail.com', 'Mujer', 'Secundaria', '2012-2015', 1),
('Matricula65', 'CURP65', 'JULIO', 'CARBALLO', NULL, '2011-10-3', NULL, 'Matricula65@gmail.com', 'Hombre', 'Kinder', '2013-2016', 0),
('Matricula66', 'CURP66', 'ROMEO', 'ALCALÁ', 'ESPINOBARROS', '2008-11-7', NULL, 'Matricula66@gmail.com', 'Hombre', 'Secundaria', '2014-2017', 0),
('Matricula67', 'CURP67', 'TANIA', 'AVILA', NULL, '2015-2-20', '+20 366-342-2177', NULL, 'Mujer', 'Kinder', '2011-2014', 1),
('Matricula68', 'CURP68', 'AQUILINO', 'BUSTOS', 'BARROSO', '2009-1-27', '+60 111-205-7730', NULL, 'Hombre', 'Kinder', '2012-2015', 1),
('Matricula69', 'CURP69', 'GUIDO', 'BEGUR', 'GOLFÍN', '2010-12-28', NULL, 'Matricula69@gmail.com', 'Hombre', 'Secundaria', '2010-2013', 1),
('Matricula70', 'CURP70', 'ARÍSTIDES', 'BALLESTEROS', NULL, '2015-11-8', '+78 770-645-3153', 'Matricula70@gmail.com', 'Mujer', 'Kinder', '2013-2016', 1),
('Matricula71', 'CURP71', 'BÁRBARA', 'FLORES', 'COELLO', '2015-2-28', NULL, NULL, 'Mujer', 'Kinder', '2011-2014', 1),
('Matricula72', 'CURP72', 'SAMANTA', 'ECHÁBARRI', 'DIMÍNGUEZ', '2008-7-28', NULL, 'Matricula72@gmail.com', 'Mujer', 'Kinder', '2012-2015', 0),
('Matricula73', 'CURP73', 'FERNANDO', 'O DONOJÚ', 'ALLENDE', '2012-12-19', '+35 851-140-6727', NULL, 'Hombre', 'Kinder', '2010-2013', 1),
('Matricula74', 'CURP74', 'BERENICE', 'GUERRERO', 'BORBOLLA', '2015-12-6', '+66 880-251-9932', 'Matricula74@gmail.com', 'Mujer', 'Kinder', '2010-2013', 0),
('Matricula75', 'CURP75', 'ALEJANDRA', 'GODOY', NULL, '2010-10-2', '+39 466-136-5215', NULL, 'Mujer', 'Kinder', '2010-2013', 1),
('Matricula76', 'CURP76', 'LEONORA', 'ADAN', NULL, '2010-12-6', '+105 830-781-9179', NULL, 'Mujer', 'Kinder', '2013-2016', 0),
('Matricula77', 'CURP77', 'TAMARA', 'VAZQUEZ', NULL, '2012-1-25', NULL, 'Matricula77@gmail.com', 'Mujer', 'Primaria', '2014-2020', 0),
('Matricula78', 'CURP78', 'HORTENSIA', 'TAPIA', 'BRIONES', '2014-8-19', NULL, NULL, 'Mujer', 'Primaria', '2014-2020', 0),
('Matricula79', 'CURP79', 'FRANCO', 'BALLESTERO', 'DE JESÚS', '2011-4-19', NULL, 'Matricula79@gmail.com', 'Hombre', 'Kinder', '2013-2016', 1),
('Matricula80', 'CURP80', 'LINA', 'ITURBIDE', 'MARIN', '2013-12-23', NULL, 'Matricula80@gmail.com', 'Mujer', 'Primaria', '2010-2016', 0),
('Matricula81', 'CURP81', 'DANIELA', 'SOTELO', NULL, '2015-7-5', NULL, 'Matricula81@gmail.com', 'Mujer', 'Kinder', '2011-2014', 0),
('Matricula82', 'CURP82', 'ARTURO', 'CELIS', NULL, '2011-11-4', '+37 193-108-8665', 'Matricula82@gmail.com', 'Hombre', 'Secundaria', '2011-2014', 0),
('Matricula83', 'CURP83', 'EUFEMIO', 'SACRISTÁN', 'LUNA', '2012-11-15', NULL, NULL, 'Hombre', 'Kinder', '2011-2014', 1),
('Matricula84', 'CURP84', 'JERRY', 'SANTANDER', 'CABALLERO', '2010-7-13', '+72 151-589-5611', 'Matricula84@gmail.com', 'Hombre', 'Kinder', '2012-2015', 1),
('Matricula85', 'CURP85', 'GUSTAVO', 'ARCE', NULL, '2010-4-18', '+33 610-131-9749', NULL, 'Hombre', 'Kinder', '2011-2014', 1),
('Matricula86', 'CURP86', 'CLAUDIO', 'VILLEDA', 'CARDONA', '2007-11-5', '+107 916-220-3764', 'Matricula86@gmail.com', 'Hombre', 'Kinder', '2014-2017', 0),
('Matricula87', 'CURP87', 'VALERIA', 'ANGUIANO', 'ROMERO', '2010-11-28', NULL, NULL, 'Mujer', 'Kinder', '2012-2015', 0),
('Matricula88', 'CURP88', 'VIVIANA', 'DUARTE', NULL, '2011-11-23', NULL, NULL, 'Mujer', 'Kinder', '2012-2015', 0),
('Matricula89', 'CURP89', 'AURELIA', 'MACIAS', 'RUBALCAVA', '2006-6-7', '+45 443-454-9794', NULL, 'Mujer', 'Primaria', '2010-2016', 0),
('Matricula90', 'CURP90', 'SAMUEL', 'SOSA', 'ROSA', '2013-4-10', NULL, NULL, 'Hombre', 'Secundaria', '2013-2016', 0),
('Matricula91', 'CURP91', 'SONIA', 'ARMENTA', NULL, '2008-4-2', NULL, NULL, 'Mujer', 'Kinder', '2012-2015', 0),
('Matricula92', 'CURP92', 'ALINA', 'COELLO', 'ECHEVARRÍA', '2006-6-14', NULL, 'Matricula92@gmail.com', 'Mujer', 'Secundaria', '2013-2016', 0),
('Matricula93', 'CURP93', 'CONRADO', 'CHICO', 'O DONOJÚ', '2013-9-13', '+38 322-490-2397', NULL, 'Hombre', 'Secundaria', '2012-2015', 1),
('Matricula94', 'CURP94', 'VERÓNICA', 'ACUÑA', NULL, '2009-2-14', NULL, 'Matricula94@gmail.com', 'Mujer', 'Kinder', '2011-2014', 1),
('Matricula95', 'CURP95', 'MATEO', 'ORTEGA', 'MONTES', '2009-6-23', NULL, NULL, 'Hombre', 'Secundaria', '2014-2017', 1),
('Matricula96', 'CURP96', 'CELIA', 'MELENDEZ', NULL, '2012-12-11', NULL, NULL, 'Mujer', 'Secundaria', '2014-2017', 1),
('Matricula97', 'CURP97', 'GREGORIO', 'LAGOS', NULL, '2009-4-8', NULL, 'Matricula97@gmail.com', 'Hombre', 'Primaria', '2011-2017', 1),
('Matricula98', 'CURP98', 'MARTA', 'SALAZAR', 'GRANDE', '2010-4-1', '+29 913-120-7229', 'Matricula98@gmail.com', 'Mujer', 'Primaria', '2012-2018', 1),
('Matricula99', 'CURP99', 'BELÉN', 'SANZ', 'ESPINOBARROS', '2009-6-27', NULL, 'Matricula99@gmail.com', 'Mujer', 'Kinder', '2013-2016', 0),
('Matricula100', 'CURP100', 'GEDEÓN', 'CABALLERO', NULL, '2008-6-27', NULL, NULL, 'Hombre', 'Primaria', '2010-2016', 1),
('Matricula101', 'CURP101', 'HÉCTOR', 'CARVAJAL', NULL, '2008-12-16', '+63 832-385-2106', 'Matricula101@gmail.com', 'Hombre', 'Kinder', '2011-2014', 1),
('Matricula102', 'CURP102', 'LYDIA', 'ONOFRE', NULL, '2007-7-7', NULL, 'Matricula102@gmail.com', 'Mujer', 'Secundaria', '2013-2016', 1),
('Matricula103', 'CURP103', 'XABIER', 'AVILÉS', 'ESCALANTE', '2008-6-2', '+104 986-616-5006', NULL, 'Hombre', 'Kinder', '2010-2013', 0),
('Matricula104', 'CURP104', 'ERIBERTO', 'CARMONA', 'RENDÓN', '2008-9-13', NULL, 'Matricula104@gmail.com', 'Hombre', 'Secundaria', '2013-2016', 1),
('Matricula105', 'CURP105', 'ENRIQUE', 'ELIZALDE', 'PINEDA', '2013-1-10', '+12 591-951-5696', NULL, 'Hombre', 'Primaria', '2014-2020', 1),
('Matricula106', 'CURP106', 'DIEGO', 'QUINTERO', NULL, '2012-11-11', '+37 266-449-6690', NULL, 'Hombre', 'Primaria', '2011-2017', 0),
('Matricula107', 'CURP107', 'GERMÁN', 'HERNANDEZ', NULL, '2007-3-25', NULL, 'Matricula107@gmail.com', 'Hombre', 'Secundaria', '2013-2016', 1),
('Matricula108', 'CURP108', 'LUCAS', 'ALARCON', NULL, '2011-9-17', NULL, 'Matricula108@gmail.com', 'Hombre', 'Kinder', '2011-2014', 0),
('Matricula109', 'CURP109', 'CÁNDIDA', 'MARCO', NULL, '2010-4-18', NULL, NULL, 'Mujer', 'Kinder', '2010-2013', 1),
('Matricula110', 'CURP110', 'IZTSIA', 'GOLFÍN', 'CARMONA', '2006-6-2', NULL, 'Matricula110@gmail.com', 'Mujer', 'Primaria', '2014-2020', 1),
('Matricula111', 'CURP111', 'ALEJANDRO', 'SANCHEZ', NULL, '2006-3-1', '+78 486-794-7364', 'Matricula111@gmail.com', 'Hombre', 'Primaria', '2014-2020', 0),
('Matricula112', 'CURP112', 'VIRGILIO', 'SÁNCHEZ', 'AGUILERA', '2015-11-18', '+47 455-394-1704', NULL, 'Hombre', 'Secundaria', '2010-2013', 0),
('Matricula113', 'CURP113', 'RENATO', 'ESTRADA', NULL, '2013-2-20', NULL, NULL, 'Hombre', 'Secundaria', '2010-2013', 0),
('Matricula114', 'CURP114', 'SOFÍA', 'TORRES', 'DIMÍNGUEZ', '2009-1-15', NULL, NULL, 'Mujer', 'Primaria', '2012-2018', 1),
('Matricula115', 'CURP115', 'EMA', 'ZARATE', 'BAJONERO', '2015-9-11', '+40 549-362-6585', 'Matricula115@gmail.com', 'Mujer', 'Primaria', '2011-2017', 1),
('Matricula116', 'CURP116', 'JUDÁ', 'ALVA', NULL, '2009-9-28', '+58 226-192-6779', 'Matricula116@gmail.com', 'Hombre', 'Secundaria', '2013-2016', 0),
('Matricula117', 'CURP117', 'KYARA', 'CASTAÑARES', NULL, '2015-4-1', '+53 261-997-8402', 'Matricula117@gmail.com', 'Mujer', 'Kinder', '2014-2017', 1),
('Matricula118', 'CURP118', 'GRETEL', 'BUSTO', NULL, '2009-2-23', '+90 922-861-9992', 'Matricula118@gmail.com', 'Mujer', 'Kinder', '2010-2013', 1),
('Matricula119', 'CURP119', 'FLAVIO', 'CASTELLANOS', 'BALLESTEROS', '2010-4-4', '+10 938-526-1704', 'Matricula119@gmail.com', 'Hombre', 'Secundaria', '2011-2014', 0),
('Matricula120', 'CURP120', 'TATIANA', 'BAJONERO', 'AGUIRRE', '2009-12-6', '+17 576-170-6672', NULL, 'Mujer', 'Primaria', '2010-2016', 1),
('Matricula121', 'CURP121', 'LINA', 'BENÍTEZ', NULL, '2011-2-26', NULL, 'Matricula121@gmail.com', 'Mujer', 'Primaria', '2011-2017', 0),
('Matricula122', 'CURP122', 'ESTEFANÍA', 'CERECERES', 'MOLINA', '2011-7-13', NULL, 'Matricula122@gmail.com', 'Mujer', 'Secundaria', '2010-2013', 1),
('Matricula123', 'CURP123', 'LEANDRO', 'ADALID', NULL, '2015-6-13', '+29 398-320-6431', NULL, 'Hombre', 'Primaria', '2012-2018', 1),
('Matricula124', 'CURP124', 'SIXTO', 'AGUILERA', 'ANDRÉS', '2012-6-6', '+40 592-200-2261', NULL, 'Hombre', 'Kinder', '2010-2013', 1),
('Matricula125', 'CURP125', 'SILVESTRE', 'PATIÑO', NULL, '2007-10-6', NULL, 'Matricula125@gmail.com', 'Hombre', 'Kinder', '2012-2015', 1),
('Matricula126', 'CURP126', 'DORA', 'RIBAS', NULL, '2006-9-3', NULL, 'Matricula126@gmail.com', 'Mujer', 'Kinder', '2013-2016', 1),
('Matricula127', 'CURP127', 'VANESA', 'DUEÑAS', 'CARVAJAL', '2013-12-25', NULL, NULL, 'Mujer', 'Kinder', '2011-2014', 1),
('Matricula128', 'CURP128', 'CLEMENTE', 'HERNÁNDEZ', 'ZARZO', '2008-4-9', '+21 108-598-2353', NULL, 'Hombre', 'Secundaria', '2010-2013', 1),
('Matricula129', 'CURP129', 'DELIA', 'ZAVALA', 'SAMANIEGO', '2006-5-9', '+18 497-811-8978', NULL, 'Mujer', 'Secundaria', '2012-2015', 1),
('Matricula130', 'CURP130', 'ROMINA', 'PARENTE', 'ZAPATA', '2010-8-20', '+82 581-435-2312', 'Matricula130@gmail.com', 'Mujer', 'Primaria', '2013-2019', 0),
('Matricula131', 'CURP131', 'CORNELIO', 'DONCEL', NULL, '2008-7-24', NULL, 'Matricula131@gmail.com', 'Hombre', 'Primaria', '2011-2017', 0),
('Matricula132', 'CURP132', 'ZULEMA', 'AGUILAR', NULL, '2012-10-10', NULL, NULL, 'Mujer', 'Secundaria', '2011-2014', 1),
('Matricula133', 'CURP133', 'ITZEL', 'CARRILLO', NULL, '2011-6-9', '+50 508-847-5370', 'Matricula133@gmail.com', 'Mujer', 'Kinder', '2011-2014', 1),
('Matricula134', 'CURP134', 'EUFRASIA', 'PERALTA', NULL, '2015-6-12', '+79 828-860-1282', NULL, 'Mujer', 'Kinder', '2014-2017', 1),
('Matricula135', 'CURP135', 'SARA', 'ALFARO', NULL, '2012-5-11', '+88 479-348-1058', NULL, 'Mujer', 'Kinder', '2010-2013', 1),
('Matricula136', 'CURP136', 'LUIS', 'RIVAS', NULL, '2011-5-6', NULL, NULL, 'Hombre', 'Kinder', '2014-2017', 0),
('Matricula137', 'CURP137', 'TEÓFILO', 'ACOSTA', NULL, '2011-5-16', NULL, NULL, 'Hombre', 'Kinder', '2011-2014', 0),
('Matricula138', 'CURP138', 'PERLA', 'SAMANIEGO', 'ARGUMEDO', '2012-7-1', NULL, NULL, 'Mujer', 'Primaria', '2013-2019', 0),
('Matricula139', 'CURP139', 'YURI', 'GUZMAN', 'OLIVARES', '2008-10-22', NULL, NULL, 'Mujer', 'Primaria', '2012-2018', 0),
('Matricula140', 'CURP140', 'SILVIA', 'ACEVEDO', 'BRIONES', '2014-3-5', NULL, 'Matricula140@gmail.com', 'Mujer', 'Primaria', '2014-2020', 0),
('Matricula141', 'CURP141', 'DANIELA', 'RENDÓN', NULL, '2014-9-12', '+97 544-888-5302', NULL, 'Mujer', 'Secundaria', '2011-2014', 1),
('Matricula142', 'CURP142', 'ANTONIETA', 'BEJARANO', 'GUERRA', '2014-2-23', NULL, NULL, 'Mujer', 'Secundaria', '2010-2013', 0),
('Matricula143', 'CURP143', 'TRINIDAD', 'GUEVARA', NULL, '2007-5-3', '+85 225-984-2390', NULL, 'Mujer', 'Secundaria', '2014-2017', 1),
('Matricula144', 'CURP144', 'EUGENIO', 'ARCE', 'SALCEDO', '2010-8-16', NULL, 'Matricula144@gmail.com', 'Hombre', 'Kinder', '2010-2013', 1),
('Matricula145', 'CURP145', 'VANESA', 'ESCAMILLA', 'AGUIRRE', '2015-1-21', '+32 376-495-7580', 'Matricula145@gmail.com', 'Mujer', 'Primaria', '2012-2018', 1),
('Matricula146', 'CURP146', 'BÁRBARA', 'BLANCAS', 'HERMOSO', '2012-1-10', '+62 391-869-4961', NULL, 'Mujer', 'Secundaria', '2013-2016', 0),
('Matricula147', 'CURP147', 'MACARENA', 'SANTAMARIA', NULL, '2011-1-24', '+19 604-927-6420', NULL, 'Mujer', 'Primaria', '2014-2020', 0),
('Matricula148', 'CURP148', 'KAREN', 'BORBOLLA', NULL, '2015-12-13', NULL, NULL, 'Mujer', 'Secundaria', '2010-2013', 0),
('Matricula149', 'CURP149', 'TOPILTZIN', 'BARRETO', 'HERNÁNDEZ', '2008-3-4', '+53 905-635-5437', 'Matricula149@gmail.com', 'Hombre', 'Kinder', '2011-2014', 1),
('Matricula150', 'CURP150', 'SILVESTRE', 'URIBE', 'CHACÓN', '2006-10-3', '+73 244-547-1314', NULL, 'Hombre', 'Primaria', '2012-2018', 1),
('Matricula151', 'CURP151', 'NAÚM', 'BAJONERO', NULL, '2015-1-14', NULL, NULL, 'Hombre', 'Kinder', '2010-2013', 1),
('Matricula152', 'CURP152', 'ZAHARA', 'ALFARO', 'AYALA', '2013-8-4', '+97 370-703-3755', NULL, 'Mujer', 'Kinder', '2013-2016', 0),
('Matricula153', 'CURP153', 'RENÉ', 'ALARCÓN', NULL, '2015-12-23', NULL, 'Matricula153@gmail.com', 'Hombre', 'Secundaria', '2011-2014', 1),
('Matricula154', 'CURP154', 'MAITE', 'GUILLEN', 'SEGURA', '2013-4-28', '+69 397-264-1912', 'Matricula154@gmail.com', 'Mujer', 'Kinder', '2011-2014', 1),
('Matricula155', 'CURP155', 'MATÍAS', 'PERALTA', 'GODOY', '2015-6-23', '+70 406-481-1522', 'Matricula155@gmail.com', 'Hombre', 'Primaria', '2013-2019', 1),
('Matricula156', 'CURP156', 'ADOLFO', 'RICO', NULL, '2015-9-5', '+45 568-875-5607', 'Matricula156@gmail.com', 'Hombre', 'Kinder', '2013-2016', 1),
('Matricula157', 'CURP157', 'ÁLVARO', 'CONTRERAS', 'OCAMPO', '2010-7-15', NULL, 'Matricula157@gmail.com', 'Hombre', 'Kinder', '2013-2016', 0),
('Matricula158', 'CURP158', 'TELMA', 'LOPEZ', 'BALBUENA', '2015-4-24', '+54 658-714-4949', 'Matricula158@gmail.com', 'Mujer', 'Kinder', '2012-2015', 1),
('Matricula159', 'CURP159', 'HONORIO', 'NORIEGA', 'BLANCAS', '2010-8-25', NULL, 'Matricula159@gmail.com', 'Hombre', 'Kinder', '2014-2017', 1),
('Matricula160', 'CURP160', 'NÉLIDA', 'MORA', 'GUTIERREZ', '2014-4-2', '+37 608-203-4021', 'Matricula160@gmail.com', 'Mujer', 'Secundaria', '2010-2013', 1),
('Matricula161', 'CURP161', 'EUFRASIA', 'ESPINOSA', 'MUÑOZ', '2009-4-6', '+23 447-690-9404', NULL, 'Mujer', 'Primaria', '2011-2017', 0),
('Matricula162', 'CURP162', 'BERENICE', 'ELEIZALDE', 'ESPINOBARROS', '2009-8-10', '+40 988-724-2892', NULL, 'Mujer', 'Primaria', '2010-2016', 0),
('Matricula163', 'CURP163', 'JEREMÍAS', 'CANCINO', 'DULCE', '2012-3-25', NULL, NULL, 'Hombre', 'Secundaria', '2010-2013', 0),
('Matricula164', 'CURP164', 'DEMETRIO', 'ARCE', 'PINEDA', '2008-9-24', NULL, NULL, 'Hombre', 'Primaria', '2010-2016', 0),
('Matricula165', 'CURP165', 'IMELDA', 'BARRIOS', NULL, '2013-8-13', NULL, NULL, 'Mujer', 'Kinder', '2013-2016', 1),
('Matricula166', 'CURP166', 'CELIA', 'ITURBIDE', 'GUTIERREZ', '2006-3-6', '+97 434-143-7169', NULL, 'Mujer', 'Secundaria', '2010-2013', 1),
('Matricula167', 'CURP167', 'TATIANA', 'POBLANO', 'MACIAS', '2015-6-14', '+82 596-350-4579', 'Matricula167@gmail.com', 'Mujer', 'Kinder', '2010-2013', 0),
('Matricula168', 'CURP168', 'SHARID', 'ALMAZÁN', 'MONTIEL', '2010-3-25', NULL, NULL, 'Mujer', 'Primaria', '2011-2017', 1),
('Matricula169', 'CURP169', 'BRUNO', 'RICO', NULL, '2008-1-27', '+30 728-209-1116', 'Matricula169@gmail.com', 'Hombre', 'Kinder', '2010-2013', 0),
('Matricula170', 'CURP170', 'DOLORES', 'ENRIQUEZ', 'BATISTA', '2015-3-13', '+21 423-557-9097', 'Matricula170@gmail.com', 'Mujer', 'Primaria', '2010-2016', 1),
('Matricula171', 'CURP171', 'ANTONIA', 'ARGUMEDO', 'BEGUR', '2011-5-10', '+83 243-736-6112', NULL, 'Mujer', 'Kinder', '2012-2015', 0),
('Matricula172', 'CURP172', 'ADRIANA', 'BALBUENA', NULL, '2014-3-24', NULL, 'Matricula172@gmail.com', 'Mujer', 'Kinder', '2012-2015', 0),
('Matricula173', 'CURP173', 'GEDEÓN', 'BAYER', 'CABALLERO', '2015-3-11', '+74 447-763-7717', 'Matricula173@gmail.com', 'Hombre', 'Primaria', '2013-2019', 1),
('Matricula174', 'CURP174', 'ELISABETH', 'DURÁN', NULL, '2015-10-24', NULL, 'Matricula174@gmail.com', 'Mujer', 'Secundaria', '2013-2016', 1),
('Matricula175', 'CURP175', 'CLOTILDE', 'DUEÑAS', 'CASAS', '2008-10-25', '+18 531-605-2413', NULL, 'Mujer', 'Kinder', '2012-2015', 1),
('Matricula176', 'CURP176', 'MARCELO', 'HERAS', 'CATALÁN', '2009-8-22', NULL, NULL, 'Hombre', 'Kinder', '2012-2015', 1),
('Matricula177', 'CURP177', 'KRISHNA', 'GOIRI', NULL, '2012-1-26', NULL, 'Matricula177@gmail.com', 'Mujer', 'Primaria', '2013-2019', 1),
('Matricula178', 'CURP178', 'ENRIQUE', 'ARANDA', 'BALLESTERO', '2006-2-22', NULL, NULL, 'Hombre', 'Kinder', '2013-2016', 0),
('Matricula179', 'CURP179', 'ALFONSO', 'GONZAGA', NULL, '2015-2-12', NULL, NULL, 'Hombre', 'Kinder', '2011-2014', 0),
('Matricula180', 'CURP180', 'ROBERTO', 'ROJO', NULL, '2013-12-20', NULL, 'Matricula180@gmail.com', 'Hombre', 'Primaria', '2011-2017', 1),
('Matricula181', 'CURP181', 'MARGARITA', 'TORRES', NULL, '2013-9-24', NULL, NULL, 'Mujer', 'Kinder', '2011-2014', 1),
('Matricula182', 'CURP182', 'SIMÓN', 'PEÑALOZA', NULL, '2009-9-19', '+13 439-887-8624', 'Matricula182@gmail.com', 'Hombre', 'Primaria', '2012-2018', 1),
('Matricula183', 'CURP183', 'VERÓNICA', 'NEYRA', NULL, '2011-10-12', '+97 686-316-2595', NULL, 'Mujer', 'Kinder', '2014-2017', 1),
('Matricula184', 'CURP184', 'PENÉLOPE', 'ARELLANO', 'PINEDA', '2015-3-10', NULL, 'Matricula184@gmail.com', 'Mujer', 'Secundaria', '2011-2014', 0),
('Matricula185', 'CURP185', 'MARCOS', 'NOGUEIRA', NULL, '2008-7-14', NULL, 'Matricula185@gmail.com', 'Hombre', 'Kinder', '2013-2016', 1),
('Matricula186', 'CURP186', 'PRUDENCIA', 'RAMÍREZ', 'HERAS', '2015-8-20', NULL, 'Matricula186@gmail.com', 'Mujer', 'Primaria', '2012-2018', 1),
('Matricula187', 'CURP187', 'ORIÓN', 'ONOFRE', 'JAIMES', '2010-5-12', '+57 995-330-1976', NULL, 'Hombre', 'Secundaria', '2012-2015', 1),
('Matricula188', 'CURP188', 'CORNELIO', 'ELOISA', NULL, '2009-9-27', NULL, 'Matricula188@gmail.com', 'Hombre', 'Primaria', '2012-2018', 0),
('Matricula189', 'CURP189', 'LISBETH', 'BALDOVINOS', NULL, '2012-3-9', NULL, NULL, 'Mujer', 'Secundaria', '2014-2017', 0),
('Matricula190', 'CURP190', 'APOLO', 'PERALTA', NULL, '2012-4-5', '+44 419-664-9589', 'Matricula190@gmail.com', 'Hombre', 'Kinder', '2013-2016', 1),
('Matricula191', 'CURP191', 'WENCESLAO', 'MOTA', NULL, '2015-12-17', NULL, 'Matricula191@gmail.com', 'Hombre', 'Secundaria', '2014-2017', 0),
('Matricula192', 'CURP192', 'DIANA', 'MORENO', 'GALVAN', '2009-12-10', '+66 633-255-3665', 'Matricula192@gmail.com', 'Mujer', 'Secundaria', '2013-2016', 0),
('Matricula193', 'CURP193', 'SALOME', 'MARBAN', NULL, '2008-1-21', NULL, NULL, 'Mujer', 'Secundaria', '2012-2015', 1),
('Matricula194', 'CURP194', 'VÍCTOR', 'BARRETO', NULL, '2008-7-20', '+70 669-544-2045', 'Matricula194@gmail.com', 'Hombre', 'Kinder', '2013-2016', 0),
('Matricula195', 'CURP195', 'ADELFO', 'OLEA', NULL, '2008-10-23', '+66 977-150-7629', 'Matricula195@gmail.com', 'Hombre', 'Secundaria', '2013-2016', 1),
('Matricula196', 'CURP196', 'GASPAR', 'GÜEMES', 'GALINDO', '2013-3-3', '+57 659-542-7039', 'Matricula196@gmail.com', 'Hombre', 'Primaria', '2012-2018', 1),
('Matricula197', 'CURP197', 'CLAUDIO', 'ESPINOBARROS', NULL, '2007-2-9', NULL, 'Matricula197@gmail.com', 'Hombre', 'Secundaria', '2011-2014', 0),
('Matricula198', 'CURP198', 'ENCARNACIÓN', 'JUAN', 'LARRAÑAGA', '2015-1-22', NULL, 'Matricula198@gmail.com', 'Mujer', 'Kinder', '2012-2015', 1),
('Matricula199', 'CURP199', 'ÓLIVER', 'TECAN', NULL, '2014-4-7', NULL, 'Matricula199@gmail.com', 'Hombre', 'Secundaria', '2011-2014', 1),
('Matricula200', 'CURP200', 'BAUTISTA', 'OLIVARES', NULL, '2007-8-22', '+36 574-930-3833', 'Matricula200@gmail.com', 'Hombre', 'Secundaria', '2012-2015', 0),
('Matricula201', 'CURP201', 'ÓSCAR', 'RENDÓN', 'CORONA', '2007-11-19', NULL, 'Matricula201@gmail.com', 'Hombre', 'Kinder', '2013-2016', 0),
('Matricula202', 'CURP202', 'IDEFONSO', 'ALCOCER', NULL, '2008-10-24', '+73 299-583-6325', NULL, 'Hombre', 'Primaria', '2012-2018', 0),
('Matricula203', 'CURP203', 'ISAÍAS', 'BATRES', 'DIMÍNGUEZ', '2015-4-14', '+73 740-226-9543', 'Matricula203@gmail.com', 'Hombre', 'Secundaria', '2011-2014', 1),
('Matricula204', 'CURP204', 'ESPERANZA', 'COELLO', NULL, '2011-3-24', NULL, NULL, 'Mujer', 'Kinder', '2012-2015', 1),
('Matricula205', 'CURP205', 'SORAYA', 'ARMENTA', NULL, '2006-2-6', NULL, 'Matricula205@gmail.com', 'Mujer', 'Primaria', '2010-2016', 1),
('Matricula206', 'CURP206', 'PAULA', 'DUEÑAS', NULL, '2007-3-27', '+94 927-325-4499', NULL, 'Mujer', 'Secundaria', '2010-2013', 1),
('Matricula207', 'CURP207', 'URANO', 'BAPTISTA', NULL, '2009-6-13', '+54 903-624-5529', 'Matricula207@gmail.com', 'Hombre', 'Kinder', '2013-2016', 1),
('Matricula208', 'CURP208', 'CALIXTO', 'ARAGÓN', NULL, '2012-5-3', '+101 929-907-5403', NULL, 'Hombre', 'Secundaria', '2013-2016', 1),
('Matricula209', 'CURP209', 'OLIMPIA', 'OJEDA', 'BAJONERO', '2008-12-7', NULL, 'Matricula209@gmail.com', 'Mujer', 'Kinder', '2013-2016', 0),
('Matricula210', 'CURP210', 'AMPARO', 'RAMÍREZ', NULL, '2014-11-17', '+72 659-239-9348', 'Matricula210@gmail.com', 'Hombre', 'Primaria', '2013-2019', 0),
('Matricula211', 'CURP211', 'LIDIA', 'MARCO', 'PINEDA', '2010-5-12', '+29 792-259-8633', NULL, 'Mujer', 'Secundaria', '2014-2017', 1),
('Matricula212', 'CURP212', 'ALFREDO', 'BRETÓN', NULL, '2009-12-18', NULL, NULL, 'Hombre', 'Secundaria', '2013-2016', 0),
('Matricula213', 'CURP213', 'ZOE', 'SOTO', 'RÍOS', '2008-5-10', NULL, 'Matricula213@gmail.com', 'Mujer', 'Kinder', '2011-2014', 1),
('Matricula214', 'CURP214', 'ANASTASIA', 'VILLEDA', NULL, '2006-3-6', NULL, NULL, 'Mujer', 'Secundaria', '2012-2015', 1),
('Matricula215', 'CURP215', 'SOL', 'ZUÑIGA', NULL, '2015-2-20', NULL, NULL, 'Mujer', 'Secundaria', '2010-2013', 1),
('Matricula216', 'CURP216', 'ALEJO', 'ACUÑA', 'GOMEZ', '2014-9-17', NULL, 'Matricula216@gmail.com', 'Hombre', 'Primaria', '2013-2019', 0),
('Matricula217', 'CURP217', 'DINA', 'SERNA', NULL, '2015-6-7', '+53 121-272-5082', NULL, 'Mujer', 'Primaria', '2013-2019', 0),
('Matricula218', 'CURP218', 'XUXA', 'MORALES', 'BLANCAS', '2010-1-18', NULL, NULL, 'Mujer', 'Secundaria', '2011-2014', 0),
('Matricula219', 'CURP219', 'GLADIS', 'BETZAIRA', NULL, '2007-1-23', '+60 215-652-6592', 'Matricula219@gmail.com', 'Mujer', 'Kinder', '2013-2016', 1),
('Matricula220', 'CURP220', 'VALENTINA', 'ALVAREZ', 'BOSCH', '2015-1-20', NULL, 'Matricula220@gmail.com', 'Mujer', 'Primaria', '2014-2020', 0),
('Matricula221', 'CURP221', 'ABEL', 'SALGADO', NULL, '2010-7-8', NULL, NULL, 'Hombre', 'Secundaria', '2011-2014', 1),
('Matricula222', 'CURP222', 'LÍA', 'DONAIRE', 'JAIME', '2011-4-9', '+33 800-177-4799', 'Matricula222@gmail.com', 'Mujer', 'Kinder', '2012-2015', 0),
('Matricula223', 'CURP223', 'REINA', 'OLANO', NULL, '2012-12-13', '+75 156-423-6747', NULL, 'Mujer', 'Kinder', '2010-2013', 1),
('Matricula224', 'CURP224', 'HILDA', 'HERMOSA', NULL, '2008-7-15', '+94 976-357-4921', NULL, 'Mujer', 'Kinder', '2012-2015', 1),
('Matricula225', 'CURP225', 'IRIS', 'QUIROGA', 'BARÓN', '2014-8-21', '+65 964-960-2385', NULL, 'Mujer', 'Kinder', '2010-2013', 1),
('Matricula226', 'CURP226', 'ANAHÍ', 'ABURTO', 'TORRES', '2009-9-20', '+53 301-557-7681', NULL, 'Mujer', 'Kinder', '2011-2014', 0),
('Matricula227', 'CURP227', 'MIRIAM', 'SAHAGUN', NULL, '2012-8-20', NULL, 'Matricula227@gmail.com', 'Mujer', 'Kinder', '2011-2014', 1),
('Matricula228', 'CURP228', 'ZITA', 'NAVARRO', NULL, '2009-9-24', '+18 805-159-1722', 'Matricula228@gmail.com', 'Mujer', 'Kinder', '2014-2017', 0),
('Matricula229', 'CURP229', 'JOEL', 'ZUÑIGA', NULL, '2006-12-14', '+56 853-323-4903', NULL, 'Hombre', 'Secundaria', '2014-2017', 0),
('Matricula230', 'CURP230', 'GREGORIO', 'GOMEZ', 'AGUSTÍN', '2010-8-13', '+39 373-149-5865', 'Matricula230@gmail.com', 'Hombre', 'Primaria', '2014-2020', 1),
('Matricula231', 'CURP231', 'XIMENA', 'LOMA', 'CERDA', '2015-11-13', '+39 115-672-5448', NULL, 'Mujer', 'Secundaria', '2014-2017', 0),
('Matricula232', 'CURP232', 'VIVIANA', 'PALOMINO', 'BUSTOS', '2012-10-27', NULL, NULL, 'Mujer', 'Kinder', '2013-2016', 1),
('Matricula233', 'CURP233', 'KARIM', 'POPOCA', NULL, '2011-12-6', '+16 111-511-6802', NULL, 'Hombre', 'Kinder', '2013-2016', 0),
('Matricula234', 'CURP234', 'LISBETH', 'ESCOBAR', NULL, '2007-1-20', '+80 415-918-6277', 'Matricula234@gmail.com', 'Mujer', 'Kinder', '2014-2017', 0),
('Matricula235', 'CURP235', 'GRETEL', 'REDONDO', NULL, '2015-7-20', '+76 714-658-3842', NULL, 'Mujer', 'Kinder', '2011-2014', 1),
('Matricula236', 'CURP236', 'SIMÓN', 'ROSALIO', 'COELLO', '2009-5-17', '+24 196-286-9460', NULL, 'Hombre', 'Secundaria', '2012-2015', 1),
('Matricula237', 'CURP237', 'ABRAHAM', 'VERA', 'DOMINGO', '2006-7-10', NULL, 'Matricula237@gmail.com', 'Hombre', 'Primaria', '2014-2020', 1),
('Matricula238', 'CURP238', 'LUIS', 'ALCOCER', 'GOIRI', '2015-6-16', '+62 951-629-7816', 'Matricula238@gmail.com', 'Hombre', 'Primaria', '2014-2020', 0),
('Matricula239', 'CURP239', 'DÉBORA', 'AZCÁRATE', 'FABIAN', '2008-4-26', NULL, NULL, 'Mujer', 'Primaria', '2010-2016', 1),
('Matricula240', 'CURP240', 'AURELIA', 'RAMIREZ', 'ROMAN', '2008-3-7', NULL, NULL, 'Mujer', 'Primaria', '2010-2016', 0),
('Matricula241', 'CURP241', 'OLGA', 'ROSALES', 'SANZ', '2013-10-28', NULL, NULL, 'Mujer', 'Secundaria', '2012-2015', 1),
('Matricula242', 'CURP242', 'ARÍSTIDES', 'ESPINOBARROS', NULL, '2014-1-25', NULL, NULL, 'Mujer', 'Secundaria', '2014-2017', 1),
('Matricula243', 'CURP243', 'JAQUELINE', 'CASTRO', 'CELIS', '2007-11-25', '+34 477-417-6516', NULL, 'Mujer', 'Secundaria', '2013-2016', 1),
('Matricula244', 'CURP244', 'VIOLETA', 'CALVO', NULL, '2009-3-23', '+16 662-837-6575', 'Matricula244@gmail.com', 'Mujer', 'Secundaria', '2011-2014', 1),
('Matricula245', 'CURP245', 'CAMELIA', 'BURGOS', 'RUBALCAVA', '2014-10-1', '+75 528-135-6941', 'Matricula245@gmail.com', 'Mujer', 'Primaria', '2014-2020', 1),
('Matricula246', 'CURP246', 'OSVALDO', 'BALDOVINOS', NULL, '2013-12-12', '+51 457-722-9797', NULL, 'Hombre', 'Secundaria', '2010-2013', 0),
('Matricula247', 'CURP247', 'JULIÁN', 'SAAVEDRA', 'RIBAS', '2015-5-3', NULL, 'Matricula247@gmail.com', 'Hombre', 'Primaria', '2011-2017', 1),
('Matricula248', 'CURP248', 'BERTA', 'AVILÉS', NULL, '2008-8-4', NULL, NULL, 'Mujer', 'Primaria', '2013-2019', 1),
('Matricula249', 'CURP249', 'EDITH', 'SALCEDO', NULL, '2014-9-1', '+62 763-991-2959', NULL, 'Mujer', 'Kinder', '2011-2014', 0),
('Matricula250', 'CURP250', 'RAIMUNDO', 'MIRELES', NULL, '2012-11-16', '+87 784-746-9892', 'Matricula250@gmail.com', 'Hombre', 'Kinder', '2010-2013', 1),
('Matricula251', 'CURP251', 'ABELARDO', 'CUEVAS', NULL, '2015-11-28', '+22 496-254-1192', 'Matricula251@gmail.com', 'Hombre', 'Secundaria', '2014-2017', 1),
('Matricula252', 'CURP252', 'GIANNI', 'VILLEGAS', NULL, '2012-10-21', '+68 375-277-3333', 'Matricula252@gmail.com', 'Mujer', 'Kinder', '2013-2016', 0),
('Matricula253', 'CURP253', 'ELISABETH', 'AVILÉS', NULL, '2008-4-27', NULL, NULL, 'Mujer', 'Primaria', '2010-2016', 0),
('Matricula254', 'CURP254', 'ORLANDO', 'CADENA', 'LARRAÑAGA', '2015-12-10', '+48 217-558-4505', NULL, 'Hombre', 'Secundaria', '2014-2017', 1),
('Matricula255', 'CURP255', 'GLADIS', 'MACIAS', 'CARRERAS', '2015-4-4', NULL, 'Matricula255@gmail.com', 'Mujer', 'Secundaria', '2011-2014', 0),
('Matricula256', 'CURP256', 'JUSTO', 'SANCHEZ', NULL, '2006-12-6', '+36 855-594-3467', 'Matricula256@gmail.com', 'Hombre', 'Kinder', '2012-2015', 0),
('Matricula257', 'CURP257', 'FLORA', 'ABARCA', 'CAPISTRAN', '2008-3-1', '+73 107-667-1230', 'Matricula257@gmail.com', 'Mujer', 'Primaria', '2012-2018', 1),
('Matricula258', 'CURP258', 'ADALID', 'VILLA', 'ESPINOSA', '2015-12-27', '+34 452-368-7534', NULL, 'Mujer', 'Secundaria', '2010-2013', 1),
('Matricula259', 'CURP259', 'AZUCENA', 'ISLAS', NULL, '2015-8-4', NULL, 'Matricula259@gmail.com', 'Mujer', 'Kinder', '2014-2017', 0),
('Matricula260', 'CURP260', 'RODOLFO', 'BAYLE', NULL, '2009-1-14', NULL, NULL, 'Hombre', 'Primaria', '2013-2019', 0),
('Matricula261', 'CURP261', 'YONATÁN', 'GUEVARA', NULL, '2013-2-6', NULL, 'Matricula261@gmail.com', 'Hombre', 'Secundaria', '2010-2013', 1),
('Matricula262', 'CURP262', 'ROLANDO', 'CARBALLO', 'BAÑOS', '2007-4-25', NULL, 'Matricula262@gmail.com', 'Hombre', 'Primaria', '2014-2020', 0),
('Matricula263', 'CURP263', 'ELISA', 'ACEVEDO', 'LUGO', '2010-11-5', NULL, 'Matricula263@gmail.com', 'Mujer', 'Kinder', '2012-2015', 0),
('Matricula264', 'CURP264', 'ARNULFO', 'DOMINGO', NULL, '2008-12-6', '+69 750-659-2461', 'Matricula264@gmail.com', 'Hombre', 'Primaria', '2010-2016', 1),
('Matricula265', 'CURP265', 'FAUSTO', 'BATISTA', 'GÜEMES', '2008-11-26', '+56 850-732-1294', NULL, 'Hombre', 'Kinder', '2010-2013', 0),
('Matricula266', 'CURP266', 'JERÓNIMO', 'ZAPATA', 'HERNÁNDEZ', '2010-7-11', NULL, 'Matricula266@gmail.com', 'Hombre', 'Kinder', '2013-2016', 1),
('Matricula267', 'CURP267', 'FATIMA', 'ROMERO', 'DE LA TIJERA', '2009-12-2', '+54 540-237-8846', 'Matricula267@gmail.com', 'Mujer', 'Secundaria', '2012-2015', 0),
('Matricula268', 'CURP268', 'YVONNE', 'BAYLE', NULL, '2006-6-14', '+87 536-266-1585', NULL, 'Mujer', 'Secundaria', '2012-2015', 1),
('Matricula269', 'CURP269', 'GRISEL', 'ALBA', 'ALMODÓVAR', '2012-11-24', NULL, 'Matricula269@gmail.com', 'Mujer', 'Primaria', '2012-2018', 0),
('Matricula270', 'CURP270', 'MÓNICA', 'FLORES', 'RIVELLES', '2011-11-1', NULL, NULL, 'Mujer', 'Primaria', '2014-2020', 0),
('Matricula271', 'CURP271', 'ABEL', 'REDONDO', 'ALEGRÍA', '2008-2-19', NULL, NULL, 'Hombre', 'Secundaria', '2011-2014', 0),
('Matricula272', 'CURP272', 'ANTONIA', 'SAAVEDRA', 'SANTAMARIA', '2011-9-25', '+87 909-440-4657', 'Matricula272@gmail.com', 'Mujer', 'Primaria', '2012-2018', 1),
('Matricula273', 'CURP273', 'PERLA', 'OLMEDO', NULL, '2011-7-8', '+83 157-962-7927', NULL, 'Mujer', 'Secundaria', '2011-2014', 1),
('Matricula274', 'CURP274', 'CLOTILDE', 'BATISTA', 'NEIRA', '2015-3-19', '+67 404-779-3376', NULL, 'Mujer', 'Secundaria', '2013-2016', 1),
('Matricula275', 'CURP275', 'SALOMÓN', 'VIDAL', NULL, '2007-9-25', '+60 978-159-2803', 'Matricula275@gmail.com', 'Hombre', 'Kinder', '2011-2014', 0),
('Matricula276', 'CURP276', 'IRAN', 'LOMA', 'CADENAS', '2015-12-21', NULL, NULL, 'Hombre', 'Kinder', '2014-2017', 1),
('Matricula277', 'CURP277', 'JUDÁ', 'RIPOL', NULL, '2006-1-6', '+39 495-817-1468', 'Matricula277@gmail.com', 'Hombre', 'Primaria', '2013-2019', 0),
('Matricula278', 'CURP278', 'ASUNCIÓN', 'BALDOVINOS', 'GUADARRAMA', '2009-3-22', NULL, 'Matricula278@gmail.com', 'Mujer', 'Secundaria', '2010-2013', 1),
('Matricula279', 'CURP279', 'CONSTANTINO', 'ALMAZÁN', NULL, '2009-2-19', '+64 135-707-7601', 'Matricula279@gmail.com', 'Hombre', 'Primaria', '2012-2018', 1),
('Matricula280', 'CURP280', 'SABINA', 'SARAVIA', NULL, '2008-8-3', '+33 986-812-2458', NULL, 'Mujer', 'Primaria', '2012-2018', 0),
('Matricula281', 'CURP281', 'REINALDO', 'VERGARA', NULL, '2011-7-18', NULL, 'Matricula281@gmail.com', 'Hombre', 'Primaria', '2014-2020', 0),
('Matricula282', 'CURP282', 'BARACK', 'ESTRADA', 'PATIÑO', '2006-9-27', '+50 390-939-4533', NULL, 'Hombre', 'Kinder', '2013-2016', 1),
('Matricula283', 'CURP283', 'BARACK', 'RIBERA', NULL, '2011-1-18', '+46 323-696-4155', NULL, 'Hombre', 'Kinder', '2014-2017', 0),
('Matricula284', 'CURP284', 'ANASTASIA', 'CASAS', NULL, '2015-3-1', '+76 854-504-3251', 'Matricula284@gmail.com', 'Mujer', 'Secundaria', '2010-2013', 0),
('Matricula285', 'CURP285', 'ARNOLDO', 'CASTAÑARES', 'LUGO', '2008-8-24', NULL, 'Matricula285@gmail.com', 'Hombre', 'Primaria', '2011-2017', 0),
('Matricula286', 'CURP286', 'ANA', 'CARMONA', 'OROZCO', '2007-2-23', '+42 134-402-5592', NULL, 'Mujer', 'Secundaria', '2012-2015', 0),
('Matricula287', 'CURP287', 'HELENA', 'OROZCO', NULL, '2015-10-15', '+68 251-460-1986', NULL, 'Mujer', 'Kinder', '2013-2016', 1),
('Matricula288', 'CURP288', 'MICHELLE', 'QUIRÓS', 'REYES', '2013-4-5', '+96 239-869-3238', NULL, 'Mujer', 'Secundaria', '2010-2013', 1),
('Matricula289', 'CURP289', 'HELI', 'BETZAIRA', NULL, '2008-10-5', '+17 559-763-3021', 'Matricula289@gmail.com', 'Mujer', 'Secundaria', '2010-2013', 0),
('Matricula290', 'CURP290', 'ESTEBAN', 'ANDRADE', 'MORA', '2011-1-27', '+79 285-575-7209', 'Matricula290@gmail.com', 'Hombre', 'Primaria', '2014-2020', 1),
('Matricula291', 'CURP291', 'RUFINO', 'GOIRI', NULL, '2011-9-15', '+71 930-340-3249', 'Matricula291@gmail.com', 'Hombre', 'Secundaria', '2013-2016', 1),
('Matricula292', 'CURP292', 'JENNIFER', 'ADAME', 'GÜEMES', '2009-2-26', NULL, 'Matricula292@gmail.com', 'Mujer', 'Secundaria', '2013-2016', 0),
('Matricula293', 'CURP293', 'CRISANTO', 'BAJONERO', 'CÁSARES', '2006-10-11', NULL, NULL, 'Hombre', 'Kinder', '2014-2017', 1),
('Matricula294', 'CURP294', 'QUINTO', 'DONAIRE', 'OROZCO', '2006-3-16', NULL, 'Matricula294@gmail.com', 'Hombre', 'Primaria', '2011-2017', 1),
('Matricula295', 'CURP295', 'JULIÁN', 'ALEGRIA', NULL, '2009-2-24', '+104 487-345-1426', 'Matricula295@gmail.com', 'Hombre', 'Primaria', '2014-2020', 1),
('Matricula296', 'CURP296', 'BERNARDINA', 'VILLALOBOS', 'GODOY', '2013-8-16', NULL, 'Matricula296@gmail.com', 'Mujer', 'Secundaria', '2012-2015', 0),
('Matricula297', 'CURP297', 'JEREMÍAS', 'SAN GABRIEL', NULL, '2008-10-5', NULL, 'Matricula297@gmail.com', 'Hombre', 'Kinder', '2012-2015', 0),
('Matricula298', 'CURP298', 'BLANCA', 'ESCOBAR', NULL, '2012-7-10', NULL, NULL, 'Mujer', 'Primaria', '2010-2016', 1),
('Matricula299', 'CURP299', 'JOHANA', 'CEBALLOS', NULL, '2015-4-5', '+33 725-476-9450', 'Matricula299@gmail.com', 'Mujer', 'Primaria', '2012-2018', 1),
('Matricula300', 'CURP300', 'CAROLA', 'AVILÉS', 'RUEDA', '2013-4-4', NULL, 'Matricula300@gmail.com', 'Mujer', 'Kinder', '2010-2013', 1),
('Matricula301', 'CURP301', 'EUGENIO', 'ARROLLO', 'ALBA', '2015-11-14', NULL, NULL, 'Hombre', 'Secundaria', '2014-2017', 0),
('Matricula302', 'CURP302', 'IVETTE', 'ROSAS', 'AGUILAR', '2006-8-17', NULL, 'Matricula302@gmail.com', 'Mujer', 'Primaria', '2011-2017', 1),
('Matricula303', 'CURP303', 'DANA', 'PERALTA', 'ROSALES', '2008-2-7', NULL, NULL, 'Mujer', 'Kinder', '2014-2017', 1),
('Matricula304', 'CURP304', 'QUINTO', 'LOMA', NULL, '2015-12-5', '+20 741-214-5434', 'Matricula304@gmail.com', 'Hombre', 'Kinder', '2010-2013', 1),
('Matricula305', 'CURP305', 'ELIZABETH', 'VERA', 'ISLAS', '2009-10-22', NULL, 'Matricula305@gmail.com', 'Mujer', 'Primaria', '2013-2019', 1),
('Matricula306', 'CURP306', 'CORNELIO', 'CARREÑO', NULL, '2011-4-20', '+40 484-844-2932', NULL, 'Hombre', 'Primaria', '2012-2018', 0),
('Matricula307', 'CURP307', 'NIDIA', 'CERVANTES', NULL, '2013-10-1', '+41 419-238-3747', NULL, 'Mujer', 'Secundaria', '2010-2013', 1),
('Matricula308', 'CURP308', 'PABLO', 'BUSTO', NULL, '2015-5-21', NULL, NULL, 'Hombre', 'Primaria', '2013-2019', 0),
('Matricula309', 'CURP309', 'ESTER', 'BENÍTEZ', 'SALCEDO', '2014-3-10', '+36 115-221-3981', NULL, 'Mujer', 'Secundaria', '2011-2014', 0),
('Matricula310', 'CURP310', 'EULALIA', 'HERNANDEZ', NULL, '2010-3-1', '+88 383-479-3138', 'Matricula310@gmail.com', 'Mujer', 'Kinder', '2012-2015', 1),
('Matricula311', 'CURP311', 'XIMENA', 'JIMENEZ', NULL, '2014-1-9', NULL, NULL, 'Mujer', 'Kinder', '2011-2014', 1),
('Matricula312', 'CURP312', 'ABIGAÍL', 'RENDON', NULL, '2010-6-24', NULL, NULL, 'Mujer', 'Primaria', '2011-2017', 1),
('Matricula313', 'CURP313', 'ARÍSTIDES', 'GALVAN', NULL, '2010-9-28', NULL, NULL, 'Mujer', 'Kinder', '2012-2015', 1),
('Matricula314', 'CURP314', 'LAURA', 'BALLESTERO', NULL, '2014-4-22', NULL, NULL, 'Mujer', 'Secundaria', '2014-2017', 0),
('Matricula315', 'CURP315', 'CLEOPATRA', 'PATIÑO', NULL, '2007-3-25', NULL, 'Matricula315@gmail.com', 'Mujer', 'Kinder', '2013-2016', 0),
('Matricula316', 'CURP316', 'AARON', 'CARBONEL', NULL, '2012-3-4', '+59 998-443-8605', NULL, 'Hombre', 'Secundaria', '2011-2014', 1),
('Matricula317', 'CURP317', 'EMILIO', 'CLAVIJO', 'LAGOS', '2007-5-27', '+65 412-339-2782', 'Matricula317@gmail.com', 'Hombre', 'Primaria', '2012-2018', 1),
('Matricula318', 'CURP318', 'DIONISIO', 'ESCANDÓN', NULL, '2014-3-4', '+17 121-305-9811', NULL, 'Hombre', 'Secundaria', '2013-2016', 1),
('Matricula319', 'CURP319', 'FERMÍN', 'CARBONEL', 'BUSTOS', '2009-4-20', '+94 181-503-1544', NULL, 'Hombre', 'Primaria', '2011-2017', 1),
('Matricula320', 'CURP320', 'FERMÍN', 'CARDONA', NULL, '2015-10-6', '+73 965-401-6693', NULL, 'Hombre', 'Kinder', '2010-2013', 1),
('Matricula321', 'CURP321', 'ANASTASIA', 'BARRIOS', NULL, '2015-1-9', NULL, NULL, 'Mujer', 'Secundaria', '2012-2015', 0),
('Matricula322', 'CURP322', 'ARIEL', 'PEREZ', NULL, '2012-10-5', '+32 441-397-1008', 'Matricula322@gmail.com', 'Hombre', 'Primaria', '2013-2019', 0),
('Matricula323', 'CURP323', 'IRAN', 'NAVARRO', NULL, '2013-3-5', '+89 358-569-8791', NULL, 'Hombre', 'Kinder', '2010-2013', 1),
('Matricula324', 'CURP324', 'CARINA', 'CASALES', 'SANTAMARIA', '2009-11-20', '+52 611-920-4156', NULL, 'Mujer', 'Primaria', '2014-2020', 1),
('Matricula325', 'CURP325', 'MARCELO', 'GONZALEZ', 'LINARES', '2010-12-26', '+45 999-768-9258', NULL, 'Hombre', 'Primaria', '2010-2016', 1),
('Matricula326', 'CURP326', 'OSVALDO', 'CARBALLO', 'ROBLES', '2011-10-19', NULL, NULL, 'Hombre', 'Secundaria', '2011-2014', 0),
('Matricula327', 'CURP327', 'ARIADNA', 'CARBONEL', NULL, '2015-1-24', NULL, NULL, 'Mujer', 'Secundaria', '2014-2017', 0),
('Matricula328', 'CURP328', 'RAÚL', 'CASTILLO', NULL, '2012-7-11', '+12 260-820-6726', NULL, 'Hombre', 'Primaria', '2014-2020', 0),
('Matricula329', 'CURP329', 'BEATRIZ', 'ALEGRIA', NULL, '2014-6-11', '+15 659-607-1533', NULL, 'Mujer', 'Primaria', '2012-2018', 1),
('Matricula330', 'CURP330', 'ÚRSULA', 'JAIME', 'RODRIGUEZ', '2011-9-19', NULL, NULL, 'Mujer', 'Kinder', '2014-2017', 1),
('Matricula331', 'CURP331', 'CATALINA', 'PINEDA', NULL, '2015-9-19', '+94 295-549-4843', NULL, 'Mujer', 'Secundaria', '2012-2015', 1),
('Matricula332', 'CURP332', 'ANDREA', 'MOLINA', NULL, '2013-6-20', '+29 202-308-2976', 'Matricula332@gmail.com', 'Mujer', 'Secundaria', '2010-2013', 0),
('Matricula333', 'CURP333', 'EFRÉN', 'CARBALLO', NULL, '2010-6-13', '+31 405-439-2418', NULL, 'Hombre', 'Primaria', '2010-2016', 0),
('Matricula334', 'CURP334', 'ULISES', 'ROLDÁN', NULL, '2012-10-27', NULL, 'Matricula334@gmail.com', 'Hombre', 'Primaria', '2010-2016', 1),
('Matricula335', 'CURP335', 'YAHIR', 'NAVARRO', NULL, '2007-6-27', '+78 712-924-3294', NULL, 'Hombre', 'Kinder', '2012-2015', 1),
('Matricula336', 'CURP336', 'LUCIO', 'OLEA', NULL, '2006-6-26', NULL, NULL, 'Hombre', 'Secundaria', '2012-2015', 1),
('Matricula337', 'CURP337', 'COSME', 'ANDUAGA', NULL, '2011-3-11', NULL, NULL, 'Hombre', 'Kinder', '2013-2016', 1),
('Matricula338', 'CURP338', 'ORLANDO', 'BLANCAS', NULL, '2011-7-2', '+44 839-416-9471', NULL, 'Hombre', 'Secundaria', '2014-2017', 1),
('Matricula339', 'CURP339', 'RAQUEL', 'FIGUEROA', 'CÁRDENAS', '2007-11-3', '+76 331-600-3225', NULL, 'Mujer', 'Primaria', '2012-2018', 1),
('Matricula340', 'CURP340', 'NORMA', 'LOMA', NULL, '2012-11-6', NULL, NULL, 'Mujer', 'Kinder', '2012-2015', 1),
('Matricula341', 'CURP341', 'LEONARDO', 'SILVA', NULL, '2014-6-19', NULL, NULL, 'Hombre', 'Primaria', '2011-2017', 0),
('Matricula342', 'CURP342', 'ADALBERTO', 'URQUIZA', 'CADENAS', '2009-9-3', '+56 612-864-6156', NULL, 'Hombre', 'Primaria', '2012-2018', 1),
('Matricula343', 'CURP343', 'ORLANDO', 'ZAMORA', NULL, '2011-9-2', '+20 224-197-2846', 'Matricula343@gmail.com', 'Hombre', 'Kinder', '2013-2016', 0),
('Matricula344', 'CURP344', 'TITO', 'SALCEDO', NULL, '2008-12-8', '+41 311-288-3379', 'Matricula344@gmail.com', 'Hombre', 'Kinder', '2013-2016', 1),
('Matricula345', 'CURP345', 'VALENTÍN', 'BURGOS', NULL, '2009-5-1', NULL, NULL, 'Hombre', 'Primaria', '2013-2019', 0),
('Matricula346', 'CURP346', 'ROGELIO', 'CHAMORRO', 'FIGUEROA', '2006-6-4', '+37 366-887-3260', NULL, 'Hombre', 'Secundaria', '2011-2014', 0),
('Matricula347', 'CURP347', 'ANACLETO', 'RIBERA', 'DURÁN', '2010-1-25', NULL, 'Matricula347@gmail.com', 'Mujer', 'Primaria', '2011-2017', 1),
('Matricula348', 'CURP348', 'JAZMÍN', 'MEJIA', NULL, '2011-1-17', NULL, 'Matricula348@gmail.com', 'Mujer', 'Secundaria', '2013-2016', 1),
('Matricula349', 'CURP349', 'SIXTO', 'QUINTERO', NULL, '2014-7-26', '+48 691-905-2209', NULL, 'Hombre', 'Kinder', '2012-2015', 1),
('Matricula350', 'CURP350', 'LILIANA', 'BRIONES', 'JARAMILLO', '2009-10-12', NULL, NULL, 'Mujer', 'Kinder', '2010-2013', 1),
('Matricula351', 'CURP351', 'ANACLETO', 'CARMONA', NULL, '2011-7-23', '+94 553-971-6643', 'Matricula351@gmail.com', 'Mujer', 'Secundaria', '2013-2016', 1),
('Matricula352', 'CURP352', 'ALEJANDRA', 'MARCO', NULL, '2014-9-14', NULL, NULL, 'Mujer', 'Secundaria', '2010-2013', 1),
('Matricula353', 'CURP353', 'EUFEMIA', 'RODRIGUEZ', 'GUILLEN', '2013-12-6', '+75 816-179-9790', 'Matricula353@gmail.com', 'Mujer', 'Kinder', '2010-2013', 0),
('Matricula354', 'CURP354', 'RAMIRO', 'RUEDA', 'ALTAMIRANO', '2015-1-22', '+66 894-528-9976', NULL, 'Hombre', 'Primaria', '2014-2020', 0),
('Matricula355', 'CURP355', 'RICARDO', 'CARBONEL', 'ROA', '2015-10-27', '+14 345-552-1741', NULL, 'Hombre', 'Secundaria', '2012-2015', 0),
('Matricula356', 'CURP356', 'FLAVIO', 'ABARCA', NULL, '2015-11-23', '+104 304-229-5068', NULL, 'Hombre', 'Kinder', '2012-2015', 1),
('Matricula357', 'CURP357', 'FERMÍN', 'MONTES', 'SARAVIA', '2014-8-12', NULL, NULL, 'Hombre', 'Primaria', '2013-2019', 0),
('Matricula358', 'CURP358', 'JAIRO', 'VALENTE', 'CERECERES', '2008-7-19', '+41 372-474-9556', NULL, 'Hombre', 'Primaria', '2011-2017', 1),
('Matricula359', 'CURP359', 'JOEL', 'PACHECO', NULL, '2008-12-22', NULL, NULL, 'Hombre', 'Secundaria', '2010-2013', 0),
('Matricula360', 'CURP360', 'KARIM', 'ALDAY', 'ZAMORANO', '2010-1-4', NULL, 'Matricula360@gmail.com', 'Hombre', 'Kinder', '2013-2016', 1),
('Matricula361', 'CURP361', 'CONSTANCIO', 'REYES', NULL, '2007-11-6', '+59 467-905-8755', 'Matricula361@gmail.com', 'Hombre', 'Secundaria', '2010-2013', 1),
('Matricula362', 'CURP362', 'JESÚS', 'ROMERO', 'RANGEL', '2009-9-11', NULL, 'Matricula362@gmail.com', 'Hombre', 'Secundaria', '2012-2015', 0),
('Matricula363', 'CURP363', 'OSWALDO', 'GÜEMES', NULL, '2012-4-16', NULL, 'Matricula363@gmail.com', 'Hombre', 'Secundaria', '2012-2015', 0),
('Matricula364', 'CURP364', 'JAIME', 'CADENAS', 'GUADARRAMA', '2011-10-13', '+103 536-696-9652', NULL, 'Hombre', 'Primaria', '2010-2016', 0),
('Matricula365', 'CURP365', 'ORIÓN', 'FIERRO', NULL, '2010-3-23', NULL, NULL, 'Hombre', 'Secundaria', '2012-2015', 0),
('Matricula366', 'CURP366', 'VANESA', 'SÁNCHEZ', NULL, '2010-3-23', '+45 463-517-1881', 'Matricula366@gmail.com', 'Mujer', 'Primaria', '2014-2020', 0),
('Matricula367', 'CURP367', 'ROMEO', 'REYES', NULL, '2007-2-5', NULL, NULL, 'Hombre', 'Secundaria', '2013-2016', 1),
('Matricula368', 'CURP368', 'SERAPIO', 'CHAVARRÍA', 'MORALES', '2008-6-8', '+87 416-987-8872', 'Matricula368@gmail.com', 'Hombre', 'Primaria', '2013-2019', 0),
('Matricula369', 'CURP369', 'HERNÁN', 'ABURTO', NULL, '2010-12-24', '+46 463-623-4259', NULL, 'Hombre', 'Secundaria', '2013-2016', 1),
('Matricula370', 'CURP370', 'JESÚS', 'ESCOBAR', NULL, '2008-9-19', NULL, NULL, 'Hombre', 'Kinder', '2012-2015', 1),
('Matricula371', 'CURP371', 'BALDOMERO', 'GUZMAN', 'RENDON', '2009-1-5', NULL, 'Matricula371@gmail.com', 'Hombre', 'Primaria', '2012-2018', 0),
('Matricula372', 'CURP372', 'ADRIANO', 'SANZ', 'VERA', '2008-2-26', '+25 342-338-3064', 'Matricula372@gmail.com', 'Hombre', 'Secundaria', '2011-2014', 1),
('Matricula373', 'CURP373', 'SOCORRO', 'ESPARZA', NULL, '2010-1-2', NULL, 'Matricula373@gmail.com', 'Mujer', 'Kinder', '2012-2015', 1),
('Matricula374', 'CURP374', 'ROSA', 'CALDERON', NULL, '2007-7-16', '+53 677-160-3427', NULL, 'Mujer', 'Primaria', '2014-2020', 1),
('Matricula375', 'CURP375', 'GLADIS', 'MACEDO', 'CASTREJON', '2006-2-5', '+23 960-145-6631', NULL, 'Mujer', 'Kinder', '2011-2014', 1),
('Matricula376', 'CURP376', 'BIBIANA', 'ECHÁBARRI', 'ADAN', '2010-1-22', NULL, 'Matricula376@gmail.com', 'Mujer', 'Primaria', '2012-2018', 0),
('Matricula377', 'CURP377', 'NÉSTOR', 'ZUÑIGA', NULL, '2006-11-6', NULL, NULL, 'Hombre', 'Primaria', '2012-2018', 1),
('Matricula378', 'CURP378', 'ARMENIO', 'GUZMAN', NULL, '2012-11-5', '+75 742-918-2389', NULL, 'Hombre', 'Primaria', '2011-2017', 1),
('Matricula379', 'CURP379', 'TOBÍAS', 'VILLA', 'CALVO', '2010-10-3', NULL, NULL, 'Hombre', 'Kinder', '2010-2013', 0),
('Matricula380', 'CURP380', 'TITO', 'ALMEIDA', NULL, '2015-10-28', '+13 188-652-1455', NULL, 'Hombre', 'Secundaria', '2013-2016', 0),
('Matricula381', 'CURP381', 'KATIA', 'JARAMILLO', NULL, '2008-5-7', '+86 412-910-6056', 'Matricula381@gmail.com', 'Mujer', 'Kinder', '2013-2016', 1),
('Matricula382', 'CURP382', 'JONATAN', 'ESPINOSA', NULL, '2014-7-7', NULL, NULL, 'Hombre', 'Primaria', '2014-2020', 1),
('Matricula383', 'CURP383', 'URANO', 'PINEDA', NULL, '2013-4-15', '+55 313-342-5503', NULL, 'Hombre', 'Kinder', '2012-2015', 0),
('Matricula384', 'CURP384', 'INDALECIO', 'ANTÚNEZ', NULL, '2008-1-9', '+34 499-687-6371', 'Matricula384@gmail.com', 'Hombre', 'Kinder', '2010-2013', 0),
('Matricula385', 'CURP385', 'ÁNGELES', 'CARRANZA', NULL, '2012-10-27', NULL, 'Matricula385@gmail.com', 'Mujer', 'Primaria', '2010-2016', 1),
('Matricula386', 'CURP386', 'ELSA', 'BELTRAN', 'RICO', '2010-7-18', '+47 185-218-7191', 'Matricula386@gmail.com', 'Mujer', 'Secundaria', '2014-2017', 0),
('Matricula387', 'CURP387', 'APOLO', 'JIMENEZ', 'PARENTE', '2008-5-7', NULL, 'Matricula387@gmail.com', 'Hombre', 'Primaria', '2010-2016', 1),
('Matricula388', 'CURP388', 'FLORIDA', 'CLAVIJO', NULL, '2011-7-8', '+32 504-228-7261', NULL, 'Mujer', 'Primaria', '2010-2016', 0),
('Matricula389', 'CURP389', 'NOÉ', 'CHINO', 'FIERRO', '2007-2-27', NULL, NULL, 'Hombre', 'Kinder', '2011-2014', 1),
('Matricula390', 'CURP390', 'LORENZO', 'MÍRELES', 'SIMON', '2013-11-21', NULL, 'Matricula390@gmail.com', 'Hombre', 'Primaria', '2013-2019', 1),
('Matricula391', 'CURP391', 'MAITE', 'TECAN', 'BETZAIRA', '2011-8-8', NULL, NULL, 'Mujer', 'Primaria', '2013-2019', 0),
('Matricula392', 'CURP392', 'SONIA', 'GUILLEN', NULL, '2007-4-17', NULL, NULL, 'Mujer', 'Kinder', '2014-2017', 1),
('Matricula393', 'CURP393', 'GERMÁN', 'OLEA', NULL, '2006-7-4', NULL, 'Matricula393@gmail.com', 'Hombre', 'Secundaria', '2014-2017', 1),
('Matricula394', 'CURP394', 'SHEILA', 'O DONOJÚ', NULL, '2007-5-27', NULL, NULL, 'Mujer', 'Kinder', '2012-2015', 0),
('Matricula395', 'CURP395', 'XUXA', 'CARDONA', 'RIVELLES', '2015-12-27', '+21 193-702-3752', NULL, 'Mujer', 'Kinder', '2013-2016', 1),
('Matricula396', 'CURP396', 'PELAYO', 'CEBALLOS', 'GARCÍA', '2015-5-26', '+18 787-998-6603', NULL, 'Hombre', 'Kinder', '2010-2013', 0),
('Matricula397', 'CURP397', 'ELÍAS', 'ISLAS', NULL, '2006-3-2', NULL, 'Matricula397@gmail.com', 'Hombre', 'Kinder', '2013-2016', 1),
('Matricula398', 'CURP398', 'KIRA', 'ALMARAZ', NULL, '2012-4-17', '+66 877-667-9739', NULL, 'Hombre', 'Secundaria', '2010-2013', 1),
('Matricula399', 'CURP399', 'PAZ', 'VERA', 'ELÍAS', '2010-5-2', NULL, NULL, 'Mujer', 'Secundaria', '2011-2014', 0),
('Matricula400', 'CURP400', 'MINERVA', 'MARIN', NULL, '2006-10-17', '+38 242-225-6953', 'Matricula400@gmail.com', 'Mujer', 'Kinder', '2010-2013', 1),
('Matricula401', 'CURP401', 'DIANA', 'RIVAS', NULL, '2012-10-8', NULL, NULL, 'Mujer', 'Kinder', '2013-2016', 1),
('Matricula402', 'CURP402', 'DEMETRIO', 'ALLER', NULL, '2010-8-20', '+72 671-706-1509', 'Matricula402@gmail.com', 'Hombre', 'Primaria', '2013-2019', 0),
('Matricula403', 'CURP403', 'ÁLVARO', 'ITURBIDE', NULL, '2007-5-23', NULL, 'Matricula403@gmail.com', 'Hombre', 'Kinder', '2013-2016', 0),
('Matricula404', 'CURP404', 'ZULEMA', 'MUÑOZ', NULL, '2012-7-15', '+60 379-594-2844', 'Matricula404@gmail.com', 'Mujer', 'Primaria', '2011-2017', 0),
('Matricula405', 'CURP405', 'SANSÓN', 'CALDERÓN', 'RODRIGUEZ', '2009-10-21', NULL, NULL, 'Hombre', 'Kinder', '2013-2016', 0),
('Matricula406', 'CURP406', 'PABLO', 'BECERRIL', NULL, '2012-2-12', NULL, 'Matricula406@gmail.com', 'Hombre', 'Kinder', '2013-2016', 1),
('Matricula407', 'CURP407', 'KARIM', 'ESCOBAR', NULL, '2015-7-6', NULL, 'Matricula407@gmail.com', 'Hombre', 'Kinder', '2012-2015', 1),
('Matricula408', 'CURP408', 'ERASMO', 'CONTRERAS', NULL, '2014-2-10', '+63 541-293-1512', NULL, 'Hombre', 'Primaria', '2010-2016', 0),
('Matricula409', 'CURP409', 'HAYDEE', 'MALAGON', NULL, '2010-10-20', '+46 150-482-4568', NULL, 'Mujer', 'Kinder', '2011-2014', 0),
('Matricula410', 'CURP410', 'LEONOR', 'BECERRIL', NULL, '2006-11-8', '+63 336-360-6328', 'Matricula410@gmail.com', 'Mujer', 'Primaria', '2010-2016', 0),
('Matricula411', 'CURP411', 'THAIS', 'MACIAS', NULL, '2006-10-6', '+68 356-451-1636', NULL, 'Mujer', 'Primaria', '2012-2018', 0),
('Matricula412', 'CURP412', 'LUCIO', 'CASTILLO', NULL, '2015-9-12', NULL, 'Matricula412@gmail.com', 'Hombre', 'Primaria', '2012-2018', 0),
('Matricula413', 'CURP413', 'BERNARDINO', 'SOTO', NULL, '2013-3-19', '+22 347-426-1155', NULL, 'Hombre', 'Kinder', '2011-2014', 0),
('Matricula414', 'CURP414', 'JOEL', 'ORIHUELA', 'MONTIEL', '2007-12-27', NULL, 'Matricula414@gmail.com', 'Hombre', 'Secundaria', '2011-2014', 1),
('Matricula415', 'CURP415', 'KATIA', 'CABELLO', 'CATALÁN', '2010-3-9', NULL, NULL, 'Mujer', 'Primaria', '2014-2020', 0),
('Matricula416', 'CURP416', 'GERTRUDIS', 'SACRISTÁN', 'BORBÓN', '2010-12-3', NULL, 'Matricula416@gmail.com', 'Mujer', 'Secundaria', '2010-2013', 0),
('Matricula417', 'CURP417', 'ROLANDO', 'BUENO', NULL, '2011-5-5', '+81 973-768-1654', NULL, 'Hombre', 'Kinder', '2012-2015', 1),
('Matricula418', 'CURP418', 'LEANDRO', 'REDONDO', 'HERMOSO', '2010-4-23', '+77 580-614-6642', 'Matricula418@gmail.com', 'Hombre', 'Primaria', '2010-2016', 0),
('Matricula419', 'CURP419', 'JUDIT', 'CELIS', NULL, '2007-4-19', NULL, 'Matricula419@gmail.com', 'Mujer', 'Kinder', '2013-2016', 0),
('Matricula420', 'CURP420', 'BERNARDINO', 'LARRAÑAGA', NULL, '2013-9-25', NULL, NULL, 'Hombre', 'Kinder', '2013-2016', 0),
('Matricula421', 'CURP421', 'ERNESTO', 'MALAGON', 'GOIRI', '2006-4-25', '+93 747-701-5896', 'Matricula421@gmail.com', 'Hombre', 'Secundaria', '2012-2015', 0),
('Matricula422', 'CURP422', 'KRISHNA', 'GOIRI', NULL, '2015-9-25', NULL, 'Matricula422@gmail.com', 'Mujer', 'Secundaria', '2011-2014', 0),
('Matricula423', 'CURP423', 'ANASTACIA', 'BARRAGAN', 'SANTOS', '2009-11-4', NULL, 'Matricula423@gmail.com', 'Mujer', 'Primaria', '2011-2017', 0),
('Matricula424', 'CURP424', 'JOHANA', 'CUEVAS', 'BAÑOS', '2015-4-28', '+77 226-551-2549', 'Matricula424@gmail.com', 'Mujer', 'Secundaria', '2010-2013', 1),
('Matricula425', 'CURP425', 'MARCELO', 'SANCHIZ', 'ESPINOZA', '2011-3-2', NULL, NULL, 'Hombre', 'Kinder', '2014-2017', 1),
('Matricula426', 'CURP426', 'TANIA', 'ITA', 'ARROLLO', '2008-5-26', NULL, 'Matricula426@gmail.com', 'Mujer', 'Secundaria', '2010-2013', 1),
('Matricula427', 'CURP427', 'IVONNE', 'SANZ', 'BAENA', '2015-1-18', '+61 113-762-6184', 'Matricula427@gmail.com', 'Hombre', 'Primaria', '2011-2017', 0),
('Matricula428', 'CURP428', 'FERMÍN', 'SALINAS', 'RAFAEL', '2007-4-11', '+60 989-639-3505', NULL, 'Hombre', 'Kinder', '2012-2015', 1),
('Matricula429', 'CURP429', 'PENÉLOPE', 'BORBOLLA', NULL, '2011-5-6', '+33 308-261-8357', NULL, 'Mujer', 'Primaria', '2010-2016', 1),
('Matricula430', 'CURP430', 'VICENTE', 'BAJONERO', NULL, '2013-11-22', NULL, NULL, 'Hombre', 'Secundaria', '2011-2014', 0),
('Matricula431', 'CURP431', 'CORDELIA', 'RIBERA', NULL, '2012-11-16', '+60 734-927-3309', 'Matricula431@gmail.com', 'Mujer', 'Primaria', '2014-2020', 0),
('Matricula432', 'CURP432', 'CRISANTO', 'ROA', NULL, '2015-7-2', NULL, NULL, 'Hombre', 'Kinder', '2010-2013', 1),
('Matricula433', 'CURP433', 'JONÁS', 'SORIANO', 'SÁNCHEZ', '2009-1-19', '+78 859-314-2957', NULL, 'Hombre', 'Primaria', '2013-2019', 1),
('Matricula434', 'CURP434', 'DAMIAN', 'CISNEROS', NULL, '2009-1-22', NULL, NULL, 'Hombre', 'Kinder', '2014-2017', 0),
('Matricula435', 'CURP435', 'MARTÍN', 'MORA', NULL, '2008-11-16', NULL, 'Matricula435@gmail.com', 'Hombre', 'Primaria', '2010-2016', 1),
('Matricula436', 'CURP436', 'ANTONIO', 'CLEMENTE', 'GALINDEZ', '2008-4-7', '+18 640-145-6673', 'Matricula436@gmail.com', 'Hombre', 'Secundaria', '2012-2015', 1),
('Matricula437', 'CURP437', 'GERARDO', 'ROBLES', 'OLEA', '2014-6-9', NULL, 'Matricula437@gmail.com', 'Hombre', 'Primaria', '2014-2020', 1),
('Matricula438', 'CURP438', 'FLORINDA', 'OLANO', 'ACEBES', '2014-4-2', NULL, 'Matricula438@gmail.com', 'Mujer', 'Secundaria', '2010-2013', 1),
('Matricula439', 'CURP439', 'EULALIO', 'ALLENDE', NULL, '2008-12-23', '+63 379-681-2990', NULL, 'Hombre', 'Kinder', '2013-2016', 0),
('Matricula440', 'CURP440', 'OLIMPIA', 'MACHUCA', 'SACRISTÁN', '2006-10-14', '+44 252-861-4799', NULL, 'Mujer', 'Secundaria', '2011-2014', 0),
('Matricula441', 'CURP441', 'PAULA', 'ECHEBARRÍA', 'MUÑOZ', '2009-3-17', NULL, NULL, 'Mujer', 'Primaria', '2012-2018', 1),
('Matricula442', 'CURP442', 'BÁRBARA', 'OLIVOS', 'ENRÍQUEZ', '2014-5-13', '+11 213-170-7972', NULL, 'Mujer', 'Primaria', '2011-2017', 0),
('Matricula443', 'CURP443', 'RITA', 'CARBONEL', NULL, '2006-4-27', NULL, NULL, 'Mujer', 'Kinder', '2011-2014', 1),
('Matricula444', 'CURP444', 'ROMÁN', 'MOTA', 'ROMAN', '2010-5-1', '+74 286-490-6605', 'Matricula444@gmail.com', 'Hombre', 'Primaria', '2011-2017', 1),
('Matricula445', 'CURP445', 'URIEL', 'ALMODÓVAR', NULL, '2012-1-15', '+57 118-375-6470', NULL, 'Hombre', 'Secundaria', '2011-2014', 0),
('Matricula446', 'CURP446', 'ARIADNA', 'ALMAZÁN', NULL, '2008-2-21', '+78 675-289-2834', NULL, 'Mujer', 'Secundaria', '2012-2015', 1),
('Matricula447', 'CURP447', 'PATRICIA', 'ARCE', 'OJEDA', '2007-10-2', '+88 266-764-9083', NULL, 'Mujer', 'Kinder', '2014-2017', 1),
('Matricula448', 'CURP448', 'PÁNFILO', 'GAMA', NULL, '2006-4-4', '+53 485-837-2192', NULL, 'Hombre', 'Kinder', '2014-2017', 1),
('Matricula449', 'CURP449', 'ARIEL', 'CAMACHO', NULL, '2010-11-25', NULL, 'Matricula449@gmail.com', 'Hombre', 'Secundaria', '2011-2014', 1),
('Matricula450', 'CURP450', 'VILMA', 'ESCAMILLA', 'O DONELL', '2009-1-17', '+59 952-308-5982', 'Matricula450@gmail.com', 'Mujer', 'Primaria', '2011-2017', 0),
('Matricula451', 'CURP451', 'JUAN', 'ARCOS', 'BEJARANO', '2015-1-25', '+107 290-395-2022', 'Matricula451@gmail.com', 'Hombre', 'Secundaria', '2010-2013', 1),
('Matricula452', 'CURP452', 'NADIA', 'RENDÓN', 'GUILLEN', '2010-5-23', '+104 230-450-8105', 'Matricula452@gmail.com', 'Mujer', 'Kinder', '2010-2013', 0),
('Matricula453', 'CURP453', 'ISRAEL', 'CABELLO', 'SALGADO', '2011-6-11', NULL, 'Matricula453@gmail.com', 'Hombre', 'Primaria', '2012-2018', 0),
('Matricula454', 'CURP454', 'JULIA', 'ZAVALA', 'ALMARAZ', '2008-8-18', '+75 287-139-5950', NULL, 'Mujer', 'Secundaria', '2011-2014', 0),
('Matricula455', 'CURP455', 'ORLANDO', 'ARROLLO', NULL, '2009-7-2', NULL, 'Matricula455@gmail.com', 'Hombre', 'Primaria', '2010-2016', 0),
('Matricula456', 'CURP456', 'HELI', 'ALEGRÍA', 'RIVERA', '2009-12-17', NULL, 'Matricula456@gmail.com', 'Mujer', 'Secundaria', '2010-2013', 0),
('Matricula457', 'CURP457', 'ARIADNA', 'SIMON', NULL, '2014-5-21', NULL, 'Matricula457@gmail.com', 'Mujer', 'Secundaria', '2010-2013', 0),
('Matricula458', 'CURP458', 'JESSICA', 'OLANO', 'GUEVARA', '2006-5-28', NULL, 'Matricula458@gmail.com', 'Mujer', 'Kinder', '2011-2014', 1),
('Matricula459', 'CURP459', 'GODOFREDO', 'CALDERÓN', NULL, '2013-9-12', NULL, 'Matricula459@gmail.com', 'Hombre', 'Secundaria', '2012-2015', 0),
('Matricula460', 'CURP460', 'CAROLA', 'PEÑALOZA', NULL, '2011-2-12', NULL, 'Matricula460@gmail.com', 'Mujer', 'Kinder', '2012-2015', 0),
('Matricula461', 'CURP461', 'QUINTO', 'CASTREJON', NULL, '2013-11-10', '+75 257-525-1402', NULL, 'Hombre', 'Kinder', '2014-2017', 1),
('Matricula462', 'CURP462', 'XUXA', 'RIVAS', 'ESLAVA', '2006-5-9', NULL, NULL, 'Mujer', 'Primaria', '2011-2017', 0),
('Matricula463', 'CURP463', 'FEDERICA', 'ESPINOZA', NULL, '2010-8-4', NULL, NULL, 'Mujer', 'Secundaria', '2014-2017', 1),
('Matricula464', 'CURP464', 'HOMERO', 'ZAMORA', NULL, '2013-10-10', '+86 827-504-9091', 'Matricula464@gmail.com', 'Hombre', 'Primaria', '2014-2020', 1),
('Matricula465', 'CURP465', 'KARINA', 'RAFAEL', 'POBLANO', '2013-7-27', NULL, NULL, 'Mujer', 'Kinder', '2011-2014', 0),
('Matricula466', 'CURP466', 'ANSELMO', 'POPOCA', 'ZEPEDA', '2013-6-3', '+53 537-813-2256', 'Matricula466@gmail.com', 'Hombre', 'Secundaria', '2014-2017', 1),
('Matricula467', 'CURP467', 'ELISA', 'MEDINA', NULL, '2011-1-25', NULL, NULL, 'Mujer', 'Kinder', '2010-2013', 0),
('Matricula468', 'CURP468', 'CÁNDIDA', 'POBLANO', 'CÁRDENAS', '2014-1-18', '+24 509-403-9133', 'Matricula468@gmail.com', 'Mujer', 'Primaria', '2013-2019', 1),
('Matricula469', 'CURP469', 'MICHELLE', 'CHICO', NULL, '2012-4-12', '+10 196-636-5510', 'Matricula469@gmail.com', 'Mujer', 'Kinder', '2012-2015', 1),
('Matricula470', 'CURP470', 'BRENDA', 'ECHÁBARRI', 'SIMON', '2010-1-6', '+81 192-544-1083', NULL, 'Mujer', 'Secundaria', '2010-2013', 0),
('Matricula471', 'CURP471', 'XUXA', 'CALDERON', 'ACEVEDO', '2006-8-6', '+23 804-500-4241', NULL, 'Mujer', 'Primaria', '2014-2020', 1),
('Matricula472', 'CURP472', 'GREGORIO', 'ZUÑIGA', NULL, '2006-4-23', '+70 223-928-7141', 'Matricula472@gmail.com', 'Hombre', 'Primaria', '2014-2020', 1),
('Matricula473', 'CURP473', 'PERLA', 'BORBOLLA', NULL, '2010-11-7', NULL, 'Matricula473@gmail.com', 'Mujer', 'Secundaria', '2011-2014', 1),
('Matricula474', 'CURP474', 'XUXA', 'TREJO', 'ROBLES', '2008-5-28', '+33 773-706-2693', NULL, 'Mujer', 'Kinder', '2012-2015', 0),
('Matricula475', 'CURP475', 'LEÓNIDAS', 'ANGUIANO', NULL, '2015-4-27', '+25 550-283-7691', NULL, 'Hombre', 'Secundaria', '2012-2015', 0),
('Matricula476', 'CURP476', 'TEODOSIO', 'JAIME', 'ELEIZALDE', '2006-2-6', NULL, 'Matricula476@gmail.com', 'Hombre', 'Primaria', '2011-2017', 0),
('Matricula477', 'CURP477', 'BELÉN', 'ZAMORA', NULL, '2012-5-2', NULL, NULL, 'Mujer', 'Primaria', '2010-2016', 1),
('Matricula478', 'CURP478', 'NORMA', 'LOMA', 'CABALLERO', '2011-5-16', NULL, NULL, 'Mujer', 'Kinder', '2010-2013', 1),
('Matricula479', 'CURP479', 'ISAAC', 'BARROSO', 'ARAGÓN', '2008-5-13', '+45 518-911-2917', NULL, 'Hombre', 'Secundaria', '2011-2014', 0),
('Matricula480', 'CURP480', 'LUCRECIA', 'MURILLO', NULL, '2012-3-26', '+86 462-640-4653', NULL, 'Mujer', 'Kinder', '2013-2016', 0),
('Matricula481', 'CURP481', 'ZENAIDO', 'ARANA', NULL, '2014-10-5', NULL, NULL, 'Mujer', 'Primaria', '2012-2018', 1),
('Matricula482', 'CURP482', 'AARON', 'BUSTOS', NULL, '2009-7-17', '+49 138-472-2354', NULL, 'Hombre', 'Secundaria', '2013-2016', 0),
('Matricula483', 'CURP483', 'CÁNDIDA', 'MONTIEL', 'ROMERO', '2012-5-28', '+100 838-410-3551', 'Matricula483@gmail.com', 'Mujer', 'Kinder', '2010-2013', 0),
('Matricula484', 'CURP484', 'FROILÁN', 'ROLDÁN', NULL, '2009-12-27', '+101 671-551-5462', NULL, 'Hombre', 'Secundaria', '2012-2015', 1),
('Matricula485', 'CURP485', 'ROSAURA', 'DOMECQ', 'O DONELL', '2015-9-6', NULL, 'Matricula485@gmail.com', 'Mujer', 'Secundaria', '2014-2017', 0),
('Matricula486', 'CURP486', 'PENÉLOPE', 'RODRIGUEZ', 'SERVIN', '2012-8-15', '+105 483-143-4837', 'Matricula486@gmail.com', 'Mujer', 'Kinder', '2013-2016', 1),
('Matricula487', 'CURP487', 'IVONNE', 'MACEDO', 'CERECERES', '2014-12-21', '+80 579-246-1519', NULL, 'Mujer', 'Secundaria', '2011-2014', 1),
('Matricula488', 'CURP488', 'ARIEL', 'ZALAZAR', 'ENRIQUEZ', '2012-5-18', NULL, 'Matricula488@gmail.com', 'Hombre', 'Secundaria', '2012-2015', 0),
('Matricula489', 'CURP489', 'REINA', 'BARRIENTOS', 'RAMIREZ', '2012-1-8', '+98 318-463-1666', NULL, 'Mujer', 'Primaria', '2010-2016', 1),
('Matricula490', 'CURP490', 'OSIRIS', 'ANGUIANO', 'ALARCON', '2008-5-23', '+107 399-897-1405', 'Matricula490@gmail.com', 'Hombre', 'Primaria', '2012-2018', 0),
('Matricula491', 'CURP491', 'ANDRÉS', 'SANCHEZ', NULL, '2012-1-9', '+32 280-289-3998', 'Matricula491@gmail.com', 'Hombre', 'Primaria', '2013-2019', 1),
('Matricula492', 'CURP492', 'NATALIA', 'ARANA', NULL, '2012-3-3', NULL, NULL, 'Mujer', 'Kinder', '2012-2015', 0),
('Matricula493', 'CURP493', 'HERIBERTA', 'BENÍTEZ', NULL, '2012-6-11', NULL, 'Matricula493@gmail.com', 'Mujer', 'Primaria', '2012-2018', 1),
('Matricula494', 'CURP494', 'AMPARO', 'AGUSTÍN', 'CABELLO', '2012-12-11', NULL, NULL, 'Hombre', 'Primaria', '2013-2019', 1),
('Matricula495', 'CURP495', 'ROMEO', 'MELCHOR', NULL, '2013-2-4', NULL, NULL, 'Hombre', 'Kinder', '2012-2015', 1),
('Matricula496', 'CURP496', 'VALERIA', 'SÁNCHEZ', NULL, '2011-5-18', '+18 673-833-1878', 'Matricula496@gmail.com', 'Mujer', 'Primaria', '2013-2019', 0),
('Matricula497', 'CURP497', 'ERASMO', 'ARAÚJO', 'SANTIAGO', '2011-3-10', '+64 207-513-4389', 'Matricula497@gmail.com', 'Hombre', 'Primaria', '2012-2018', 0),
('Matricula498', 'CURP498', 'FEDERICO', 'BALLESTEROS', NULL, '2009-7-17', '+23 523-970-6158', NULL, 'Hombre', 'Secundaria', '2011-2014', 1),
('Matricula499', 'CURP499', 'ISRAEL', 'CARBALLO', NULL, '2012-4-24', '+88 825-186-7369', 'Matricula499@gmail.com', 'Hombre', 'Primaria', '2012-2018', 1),
('Matricula500', 'CURP500', 'BLAS', 'CABAÑAS', 'CAPISTRAN', '2010-1-27', NULL, 'Matricula500@gmail.com', 'Hombre', 'Kinder', '2010-2013', 1) 
;

INSERT INTO TUTOR (Nombre, apellido1, apellido2, TelefonoPersonal, TelefonoTrabajo, Correo, Genero)
VALUES
('ABRIL', 'AGUILAR', NULL, '+89 742-986-7375', '+14 409-368-2317', 'Matricula1@gmail.com', 'Mujer' ),
('LUCIANO', 'BEJARANO', 'NOGUERA', '+39 541-972-9576', NULL, NULL, 'Hombre' ),
('ELISA', 'CASTREJON', 'GALVAN', '+62 994-891-6015', NULL, 'Matricula3@gmail.com', 'Mujer' ),
('SHEILA', 'CARBAJAL', NULL, '+78 475-796-9272', '+52 968-909-8671', 'Matricula4@gmail.com', 'Mujer' ),
('GRACIA', 'CARBONEL', NULL, '+32 506-216-7459', '+80 914-164-8500', 'Matricula5@gmail.com', 'Mujer' ),
('ELOY', 'SALAZAR', 'SANCHEZ', '+90 389-433-2343', '+73 813-390-5207', 'Matricula6@gmail.com', 'Hombre' ),
('ESTELA', 'CEPEDA', 'ROSALIO', '+93 196-666-5611', '+19 530-502-3390', 'Matricula7@gmail.com', 'Mujer' ),
('RUFINO', 'URIBE', 'BARCENAS', '+105 373-882-8027', NULL, NULL, 'Hombre' ),
('HEIDI', 'OLEA', 'ZAVALA', '+86 958-986-3953', '+78 413-540-9698', 'Matricula9@gmail.com', 'Mujer' ),
('AMPARO', 'CALDERON', 'MIRANDA', '+73 392-933-2287', '+35 761-335-2736', 'Matricula10@gmail.com', 'Hombre' ),
('ROMELIA', 'ZAMBRANO', 'LARA', '+49 952-260-1087', NULL, 'Matricula11@gmail.com', 'Mujer' ),
('CELESTINA', 'ALFONSÍN', 'CABRALES', '+90 646-465-4633', NULL, 'Matricula12@gmail.com', 'Mujer' ),
('BENITO', 'HERNANDEZ', NULL, '+74 120-511-1662', NULL, 'Matricula13@gmail.com', 'Hombre' ),
('HELI', 'MÍRELES', NULL, '+82 271-955-5046', '+79 954-804-9676', NULL, 'Mujer' ),
('TOMÁS', 'OLIVOS', 'ESPARZA', '+94 580-214-3274', '+76 583-697-2115', 'Matricula15@gmail.com', 'Hombre' ),
('TELMA', 'BOBADILLA', 'GUZMAN', '+71 812-676-2844', NULL, 'Matricula16@gmail.com', 'Mujer' ),
('ELDA', 'CARRILLO', 'CUEVAS', '+74 359-959-4538', NULL, NULL, 'Mujer' ),
('LILIANA', 'VÁZQUEZ', NULL, '+88 545-735-4410', '+101 298-912-9413', 'Matricula18@gmail.com', 'Mujer' ),
('GLORIA', 'CASTELLO', NULL, '+42 535-314-5119', NULL, 'Matricula19@gmail.com', 'Mujer' ),
('SALOMÓN', 'DIMÍNGUEZ', 'DIMÍNGUEZ', '+39 133-739-4337', '+55 347-619-6324', NULL, 'Hombre' ),
('OTÓN', 'BORBÓN', NULL, '+43 349-670-2775', '+53 269-474-1469', NULL, 'Hombre' ),
('FAUSTINO', 'PARENTE', 'COBOS', '+24 189-998-6974', NULL, NULL, 'Hombre' ),
('PABLO', 'MARTINEZ', 'CARBAJAL', '+60 917-843-5026', '+72 111-161-4311', NULL, 'Hombre' ),
('IVÁN', 'BALLESTERO', NULL, '+70 830-580-6207', '+106 456-205-9405', 'Matricula24@gmail.com', 'Hombre' ),
('SAMUEL', 'ESCUDERO', 'CAMILO', '+34 906-888-4546', NULL, 'Matricula25@gmail.com', 'Hombre' ),
('NOEMÍ', 'MOLINA', NULL, '+35 364-848-3959', NULL, NULL, 'Mujer' ),
('CRISTÓBAL', 'VIVAR', 'VIVAR', '+32 186-685-2920', NULL, NULL, 'Hombre' ),
('LEONOR', 'HERNÁNDEZ', NULL, '+98 960-370-4841', '+86 378-372-8529', 'Matricula28@gmail.com', 'Mujer' ),
('ISAAC', 'DONCEL', NULL, '+86 511-363-6916', NULL, NULL, 'Hombre' ),
('JOB', 'MORA', 'SERNA', '+102 836-312-9347', NULL, 'Matricula30@gmail.com', 'Hombre' ),
('ALBANO', 'CARDONA', 'ABAD', '+71 228-823-9152', '+69 658-584-2552', NULL, 'Hombre' ),
('ELDA', 'CORONA', 'NORIEGA', '+81 397-171-3471', NULL, 'Matricula32@gmail.com', 'Mujer' ),
('GERARDO', 'MUÑOZ', 'ARELLANO', '+47 846-680-1523', '+89 213-903-1050', NULL, 'Hombre' ),
('TAMARA', 'LLAMAS', 'BATISTA', '+66 947-496-4656', NULL, NULL, 'Mujer' ),
('FABIOLA', 'ACEVEDO', 'BUSTOS', '+68 631-127-4731', '+87 958-820-6708', NULL, 'Mujer' ),
('FLAVIO', 'ESTRADA', 'MORENO', '+18 611-681-8687', NULL, NULL, 'Hombre' ),
('JIMENA', 'ARANA', 'CEPEDA', '+92 524-742-6600', NULL, 'Matricula37@gmail.com', 'Mujer' ),
('ITZEL', 'CARDONA', 'CHAMORRO', '+16 846-993-4000', NULL, NULL, 'Mujer' ),
('AÍDA', 'ALCARAZ', 'LATORRE', '+88 104-117-6858', NULL, NULL, 'Mujer' ),
('RAIMUNDO', 'DONCEL', 'TAPIA', '+74 464-194-7993', '+96 118-555-8579', 'Matricula40@gmail.com', 'Hombre' ),
('OLGA', 'CABRALES', NULL, '+72 881-708-1594', '+76 489-730-3791', NULL, 'Mujer' ),
('ERICA', 'CASTAÑARES', NULL, '+53 898-219-1555', NULL, NULL, 'Mujer' ),
('ÁNGELES', 'URQUIZA', NULL, '+54 450-423-6867', NULL, NULL, 'Mujer' ),
('GENOVEVA', 'BATALLA', 'ROMERO', '+73 718-453-5666', NULL, NULL, 'Mujer' ),
('CELIA', 'ENCINAS', 'SANZ', '+73 477-435-1387', '+24 954-373-8534', 'Matricula45@gmail.com', 'Mujer' ),
('AUXILIADORA', 'MUÑOZ', NULL, '+43 621-103-8041', '+78 642-784-3419', 'Matricula46@gmail.com', 'Mujer' ),
('JOSEFINA', 'ANDRÉS', 'OLANO', '+36 192-839-8901', NULL, 'Matricula47@gmail.com', 'Mujer' ),
('IVETTE', 'VALENTE', NULL, '+62 897-347-3416', NULL, 'Matricula48@gmail.com', 'Mujer' ),
('ALIN', 'TAPIA', 'ALEGRÍA', '+106 132-737-6970', '+23 287-362-1406', 'Matricula49@gmail.com', 'Mujer' ),
('JESÚS', 'BEGUR', 'PANTALEON', '+25 908-281-2687', '+93 341-325-8989', NULL, 'Hombre' ),
('DIEGO', 'ROSALIO', 'MARTINEZ', '+73 638-425-3055', NULL, NULL, 'Hombre' ),
('AARON', 'JUAREZ', NULL, '+90 859-169-3271', '+76 454-413-9066', 'Matricula52@gmail.com', 'Hombre' ),
('NÉSTOR', 'ELOIZA', NULL, '+10 751-365-6350', NULL, NULL, 'Hombre' ),
('VIVIANA', 'ROSAS', 'GÜEMES', '+16 515-950-6733', NULL, NULL, 'Mujer' ),
('JAIRO', 'ARROLLO', 'ESTRADA', '+64 305-148-6419', NULL, NULL, 'Hombre' ),
('VALENTÍN', 'DÓRIGA', 'ECHEVARRÍA', '+73 543-485-8897', NULL, 'Matricula56@gmail.com', 'Hombre' ),
('MALVINA', 'MACHUCA', 'ABRÉU', '+98 544-687-6087', NULL, NULL, 'Mujer' ),
('EUSTAQUIO', 'CARRILLO', NULL, '+40 226-959-6722', '+106 208-389-3764', NULL, 'Hombre' ),
('NOÉ', 'CASTELLANOS', NULL, '+61 800-232-9517', NULL, 'Matricula59@gmail.com', 'Hombre' ),
('ELENA', 'BARRIENTOS', 'ANTÚNEZ', '+73 399-171-5543', '+59 760-886-8873', 'Matricula60@gmail.com', 'Mujer' ),
('LORENZO', 'CALDERÓN', 'GALVAN', '+52 157-377-9612', '+17 141-445-2058', 'Matricula61@gmail.com', 'Hombre' ),
('JOEL', 'DONAIRE', NULL, '+108 388-264-2996', NULL, NULL, 'Hombre' ),
('ÚRSULA', 'ESLAVA', 'ROSALES', '+71 920-526-5599', NULL, 'Matricula63@gmail.com', 'Mujer' ),
('PETRA', 'LAGOS', NULL, '+78 874-463-9361', NULL, 'Matricula64@gmail.com', 'Mujer' ),
('JESSICA', 'SACRISTÁN', 'VEGA', '+63 604-992-8795', '+53 202-671-1712', 'Matricula65@gmail.com', 'Mujer' ),
('ANAHÍ', 'VIDAL', NULL, '+40 665-135-3389', '+98 643-822-9904', 'Matricula66@gmail.com', 'Mujer' ),
('WALTER', 'ELEIZALDE', 'CERECERES', '+54 665-405-9947', '+55 237-936-5908', 'Matricula67@gmail.com', 'Hombre' ),
('ARIADNA', 'DUARTE', NULL, '+60 507-458-2922', '+103 468-245-9353', NULL, 'Mujer' ),
('GEDEÓN', 'BALLESTERO', NULL, '+75 705-163-7444', '+10 471-797-3040', NULL, 'Hombre' ),
('JAZMÍN', 'SALAS', NULL, '+40 121-802-9920', NULL, NULL, 'Mujer' ),
('GASPAR', 'LECUMBERRI', 'MOTA', '+37 523-716-4150', NULL, 'Matricula71@gmail.com', 'Hombre' ),
('LIDIA', 'ROMERO', 'GUTIERREZ', '+63 184-550-7558', NULL, NULL, 'Mujer' ),
('ELENA', 'LÓPEZ', NULL, '+31 760-565-7303', NULL, NULL, 'Mujer' ),
('BELINDA', 'CARMONA', 'SALINAS', '+46 100-397-3176', '+89 503-993-1369', 'Matricula74@gmail.com', 'Mujer' ),
('KENNETH', 'CABRALES', NULL, '+35 717-522-1320', '+85 697-305-1973', NULL, 'Hombre' ),
('JUSTO', 'ROJO', NULL, '+10 576-553-5088', NULL, NULL, 'Hombre' ),
('FLAVIO', 'APARICIO', 'URQUIZA', '+27 412-968-9215', NULL, 'Matricula77@gmail.com', 'Hombre' ),
('ÓSCAR', 'GALVAN', 'DIMÍNGUEZ', '+16 483-211-5746', NULL, NULL, 'Hombre' ),
('SORAYA', 'ESCALANTE', 'CONTRERAS', '+73 834-612-4993', '+62 389-382-2438', 'Matricula79@gmail.com', 'Mujer' ),
('RAFAEL', 'VELEZ', NULL, '+22 761-524-6598', NULL, 'Matricula80@gmail.com', 'Hombre' ),
('JOSUE', 'ROLDÁN', NULL, '+99 826-889-2456', NULL, 'Matricula81@gmail.com', 'Hombre' ),
('HOMERO', 'NORIEGA', NULL, '+101 185-621-1895', '+62 940-539-9694', NULL, 'Hombre' ),
('SIXTO', 'GODOY', NULL, '+68 981-786-2203', '+79 486-228-3698', 'Matricula83@gmail.com', 'Hombre' ),
('SILVIA', 'PARENTE', NULL, '+78 759-833-2025', NULL, NULL, 'Mujer' ),
('NOÉ', 'BELLO', NULL, '+80 545-331-4880', '+58 430-940-5220', NULL, 'Hombre' ),
('HUGO', 'LATORRE', 'TORRES', '+82 108-122-4953', '+61 817-521-5605', NULL, 'Hombre' ),
('CIRO', 'RINCÓN', 'CASTELLANOS', '+78 530-492-4621', NULL, 'Matricula87@gmail.com', 'Hombre' ),
('ROSAURA', 'HERMOSA', 'ALCARAZ', '+46 108-456-1109', NULL, NULL, 'Mujer' ),
('ROMELIA', 'ALMEIDA', NULL, '+31 893-321-8689', NULL, 'Matricula89@gmail.com', 'Mujer' ),
('JUVENCIO', 'ALBA', NULL, '+70 272-284-4003', '+97 601-441-7527', 'Matricula90@gmail.com', 'Hombre' ),
('TOBÍAS', 'VILLALOBOS', NULL, '+35 532-122-2898', NULL, NULL, 'Hombre' ),
('MIRTA', 'BUSTOS', 'HERNÁNDEZ', '+89 922-274-6887', '+98 908-188-1084', NULL, 'Mujer' ),
('EMILIA', 'ARANDA', 'BECERRA', '+89 602-299-8614', '+34 927-368-7161', NULL, 'Mujer' ),
('CLEMENTE', 'ABURTO', 'DONAIRE', '+87 692-941-1218', NULL, 'Matricula94@gmail.com', 'Hombre' ),
('ABELARDO', 'ALMEIDA', NULL, '+97 528-301-2693', NULL, NULL, 'Hombre' ),
('EVARISTO', 'CADENAS', 'CARRASCO', '+92 369-695-9685', NULL, 'Matricula96@gmail.com', 'Hombre' ),
('JOANA', 'SOTELO', 'SARAVIA', '+29 261-158-9161', NULL, 'Matricula97@gmail.com', 'Mujer' ),
('MARTÍN', 'SAAVEDRA', NULL, '+24 492-556-9310', '+13 332-596-3419', NULL, 'Hombre' ),
('NOEMÍ', 'ROMAN', NULL, '+89 476-210-5976', '+26 579-789-8742', NULL, 'Mujer' ),
('ROCÍO', 'NEGRETE', 'MARQUEZ', '+15 452-882-3358', NULL, NULL, 'Mujer' ),
('ANDRES', 'SEGURA', 'ALCALÁ', '+33 567-304-5152', NULL, NULL, 'Hombre' ),
('JULIANA', 'QUINTANA', 'ROSA', '+47 863-538-5455', '+28 766-533-2489', 'Matricula102@gmail.com', 'Mujer' ),
('AMAYA', 'ACUÑA', NULL, '+75 212-644-9356', NULL, NULL, 'Mujer' ),
('BASILIO', 'ENRÍQUEZ', NULL, '+63 773-368-8165', NULL, 'Matricula104@gmail.com', 'Hombre' ),
('EULALIA', 'GONZALEZ', 'QUINTERO', '+87 376-845-2600', NULL, NULL, 'Mujer' ),
('FERNANDO', 'PEREZ', NULL, '+48 584-165-5135', '+100 109-705-2402', NULL, 'Hombre' ),
('DULCE', 'ALEGRIA', NULL, '+94 171-575-9081', '+16 347-203-8663', 'Matricula107@gmail.com', 'Mujer' ),
('PIEDAD', 'LOPEZ', 'PATIÑO', '+69 312-972-4958', '+48 421-886-5764', NULL, 'Mujer' ),
('SARAHI', 'ENRIQUEZ', 'ROSALIO', '+64 343-188-3983', NULL, NULL, 'Mujer' ),
('HELENA', 'BALLESTEROS', NULL, '+77 737-422-1112', NULL, 'Matricula110@gmail.com', 'Mujer' ),
('ENCARNACIÓN', 'CONTRERAS', NULL, '+108 993-876-8657', NULL, NULL, 'Mujer' ),
('ANTONIA', 'CARVAJAL', NULL, '+70 773-265-5968', NULL, 'Matricula112@gmail.com', 'Mujer' ),
('ARIEL', 'BARCENAS', NULL, '+77 586-346-2736', NULL, NULL, 'Hombre' ),
('CRISTIAN', 'MARBAN', 'CAPISTRAN', '+53 986-804-7965', '+44 133-925-8400', NULL, 'Hombre' ),
('EDGARDO', 'CARRERAS', 'ALLER', '+79 968-161-9862', '+57 344-979-6992', 'Matricula115@gmail.com', 'Hombre' ),
('EMILIANO', 'GUARDIOLA', 'DONAIRE', '+71 981-259-2004', '+25 789-262-2079', 'Matricula116@gmail.com', 'Hombre' ),
('BRUNILDA', 'BEGUR', 'VÁZQUEZ', '+41 558-442-4866', NULL, NULL, 'Mujer' ),
('JUAN', 'CRUZ', NULL, '+68 237-325-2379', NULL, 'Matricula118@gmail.com', 'Hombre' ),
('LISBETH', 'CORONA', 'ZAMORANO', '+103 122-403-8996', NULL, 'Matricula119@gmail.com', 'Mujer' ),
('IMELDA', 'GARCIA', 'ALCARAZ', '+53 685-549-9153', NULL, NULL, 'Mujer' ),
('ANDREA', 'LOPEZ', 'ALCOCER', '+64 270-639-9449', '+75 734-977-4264', NULL, 'Mujer' ),
('PAULINO', 'LECUMBERRI', 'ALVARADO', '+12 331-885-7011', NULL, NULL, 'Hombre' ),
('JIMENA', 'PALOMINO', 'CASTRO', '+28 498-189-1316', NULL, NULL, 'Mujer' ),
('ADRIAN', 'CADENAS', NULL, '+87 172-105-6028', '+88 925-740-1556', 'Matricula124@gmail.com', 'Hombre' ),
('IVONNE', 'MIRELES', 'SACRISTÁN', '+32 896-582-2692', '+94 446-631-9254', NULL, 'Mujer' ),
('HAROLDO', 'ESCOBAR', NULL, '+32 422-231-6453', NULL, 'Matricula126@gmail.com', 'Hombre' ),
('SHARID', 'ALDANA', NULL, '+64 771-487-5394', NULL, 'Matricula127@gmail.com', 'Mujer' ),
('ANTONIETA', 'SILVA', 'FELICIANO', '+47 675-689-7650', NULL, 'Matricula128@gmail.com', 'Mujer' ),
('LETICIA', 'LLAMAS', NULL, '+29 936-807-4733', NULL, 'Matricula129@gmail.com', 'Mujer' ),
('BENIGNO', 'BAYLE', 'LA BASTIDA', '+39 705-473-5058', NULL, 'Matricula130@gmail.com', 'Hombre' ),
('LUIS', 'ESCOBEDO', 'ZARZO', '+57 389-301-4647', NULL, 'Matricula131@gmail.com', 'Hombre' ),
('PRISCILA', 'ZAMORANO', NULL, '+62 465-115-3422', NULL, 'Matricula132@gmail.com', 'Mujer' ),
('JOSEFA', 'BALLESTERO', NULL, '+66 596-378-4079', '+101 994-388-9580', 'Matricula133@gmail.com', 'Mujer' ),
('ANTONIO', 'ENRIQUEZ', 'GATICA', '+63 785-946-2368', '+62 922-760-4461', 'Matricula134@gmail.com', 'Hombre' ),
('CONSTANCIO', 'MENDOZA', 'ABARCA', '+104 919-250-4750', NULL, NULL, 'Hombre' ),
('GRACIELA', 'CARRILLO', 'ECHEBERRÍA', '+78 627-559-8601', '+74 959-101-5585', 'Matricula136@gmail.com', 'Mujer' ),
('ÁNGEL', 'ADÁN', NULL, '+13 271-684-9604', NULL, 'Matricula137@gmail.com', 'Hombre' ),
('AZUCENA', 'CASTAÑARES', 'CEBALLOS', '+33 606-581-6175', NULL, 'Matricula138@gmail.com', 'Mujer' ),
('OLIMPIA', 'ZAMBRANO', NULL, '+54 345-632-9414', NULL, 'Matricula139@gmail.com', 'Mujer' ),
('EFRÉN', 'AGUILERA', NULL, '+48 763-186-2477', NULL, 'Matricula140@gmail.com', 'Hombre' ),
('DIANA', 'OLIVOS', NULL, '+106 122-999-3323', '+72 152-256-1906', 'Matricula141@gmail.com', 'Mujer' ),
('LEÓNIDAS', 'SOTO', 'ARANDA', '+17 354-446-7980', '+76 367-639-6695', NULL, 'Hombre' ),
('PENÉLOPE', 'GUEVARA', 'CARRASCO', '+50 727-808-6829', NULL, 'Matricula143@gmail.com', 'Mujer' ),
('BELTRÁN', 'NEYRA', NULL, '+18 622-179-4888', '+88 343-580-3490', 'Matricula144@gmail.com', 'Hombre' ),
('ADÁN', 'JARAMILLO', 'MIRELES', '+99 891-844-7089', NULL, NULL, 'Hombre' ),
('IRENE', 'ORIHUELA', NULL, '+104 740-981-3737', '+35 298-335-1577', NULL, 'Mujer' ),
('WALTER', 'LARRAÑAGA', NULL, '+60 827-472-8103', '+84 885-619-9138', NULL, 'Hombre' ),
('FAUSTO', 'GOROSTIETA', NULL, '+55 588-120-1212', NULL, 'Matricula148@gmail.com', 'Hombre' ),
('DOMINGO', 'ITURBIDE', 'CAMACHO', '+95 997-687-7724', '+37 275-497-6072', 'Matricula149@gmail.com', 'Hombre' ),
('ROSALÍA', 'CERDA', 'AGUILERA', '+36 963-922-4304', '+26 507-919-7957', NULL, 'Mujer' ),
('BÁRBARA', 'OLIVARES', NULL, '+101 956-557-8610', NULL, 'Matricula151@gmail.com', 'Mujer' ),
('JONÁS', 'BLANCAS', NULL, '+31 158-612-4893', NULL, 'Matricula152@gmail.com', 'Hombre' ),
('TEODOSIO', 'CASALES', NULL, '+79 583-938-1351', '+85 958-160-5860', 'Matricula153@gmail.com', 'Hombre' ),
('OLIVIA', 'FIGUEROA', 'MANZANO', '+82 695-996-7308', NULL, 'Matricula154@gmail.com', 'Mujer' ),
('VALERIA', 'RIBAS', NULL, '+59 329-395-3655', '+72 491-328-5187', 'Matricula155@gmail.com', 'Mujer' ),
('JENNY', 'ROSALIO', NULL, '+59 893-530-9951', NULL, NULL, 'Mujer' ),
('ELSI', 'GODOY', 'DE LA TIJERA', '+86 134-729-7356', NULL, NULL, 'Mujer' ),
('EMILIANO', 'DONAIRE', NULL, '+28 245-653-8153', '+56 278-469-2120', NULL, 'Hombre' ),
('ELISABETH', 'ANDRADE', 'PEÑALOZA', '+49 227-138-9246', NULL, NULL, 'Mujer' ),
('IVONNE', 'CASTAÑEDA', 'ARANDA', '+105 270-348-5206', '+61 646-296-9369', 'Matricula160@gmail.com', 'Hombre' ),
('ADALID', 'OLMEDO', 'AVELLANEDA', '+25 314-417-7351', '+16 133-559-8183', 'Matricula161@gmail.com', 'Mujer' ),
('BÁRBARA', 'SAN GABRIEL', 'CARREÑO', '+78 954-748-4360', NULL, NULL, 'Mujer' ),
('ELVIRA', 'ITURBIDE', NULL, '+32 820-634-4675', '+29 218-387-3491', NULL, 'Mujer' ),
('BLAS', 'TRUJILLO', 'FIERRO', '+74 193-702-6591', '+98 105-143-9312', 'Matricula164@gmail.com', 'Hombre' ),
('NIDIA', 'CABELLO', 'ELOISA', '+29 304-581-7781', '+93 100-829-4510', NULL, 'Mujer' ),
('RENATA', 'HERAS', NULL, '+16 970-182-8890', '+25 202-821-1101', NULL, 'Mujer' ),
('XAVIER', 'ACUÑA', NULL, '+83 508-393-3677', NULL, NULL, 'Hombre' ),
('WENCESLAO', 'HERNANDEZ', 'DOMINGO', '+89 597-301-7021', '+67 686-312-2582', NULL, 'Hombre' ),
('EUFEMIA', 'GUERRERO', NULL, '+15 879-345-3998', NULL, 'Matricula169@gmail.com', 'Mujer' ),
('NAPOLEÓN', 'GUZMAN', NULL, '+60 848-728-2153', '+11 798-664-2702', NULL, 'Hombre' ),
('AZUCENA', 'ZAMORANO', 'BENÍTEZ', '+72 594-403-1575', '+44 402-908-6321', NULL, 'Mujer' ),
('HOMERO', 'ALCARAZ', NULL, '+90 666-797-1016', NULL, NULL, 'Hombre' ),
('ANGELA', 'ZAPATA', NULL, '+45 841-531-7355', '+15 420-539-7743', 'Matricula173@gmail.com', 'Mujer' ),
('KARINA', 'CALVO', NULL, '+15 433-390-8261', '+30 331-910-8995', 'Matricula174@gmail.com', 'Mujer' ),
('DÉBORA', 'JAIME', NULL, '+86 441-673-9026', NULL, NULL, 'Mujer' ),
('DANA', 'CARBALLO', 'BOSCH', '+38 852-601-6001', NULL, NULL, 'Mujer' ),
('PASCUAL', 'DIMÍNGUEZ', 'RIOS', '+32 319-195-4797', '+13 378-548-5777', 'Matricula177@gmail.com', 'Hombre' ),
('ABIGAÍL', 'CARREÑO', 'IBARRA', '+33 313-603-5868', NULL, NULL, 'Mujer' ),
('EUDOSIA', 'ROJO', NULL, '+25 723-987-2773', NULL, 'Matricula179@gmail.com', 'Mujer' ),
('ENRIQUE', 'BALBUENA', 'ORTIZ', '+76 220-266-9211', NULL, NULL, 'Hombre' ),
('INDALECIO', 'PALOMINO', 'MIRELES', '+60 875-526-7999', '+29 699-234-1274', 'Matricula181@gmail.com', 'Hombre' ),
('SARA', 'ESCOBEDO', NULL, '+10 319-113-4985', NULL, NULL, 'Mujer' ),
('CÉLICA', 'CARBALLO', NULL, '+68 496-488-3662', '+42 495-770-4715', 'Matricula183@gmail.com', 'Mujer' ),
('BELINDA', 'GUERRERO', 'POPOCA', '+38 333-945-8846', NULL, NULL, 'Mujer' ),
('HOMERO', 'DÓRIGA', NULL, '+96 761-110-8376', '+64 754-643-1448', NULL, 'Hombre' ),
('RUTH', 'ELEIZALDE', 'ABURTO', '+41 270-368-9512', '+66 377-318-3970', 'Matricula186@gmail.com', 'Mujer' ),
('ULISES', 'ARCOS', NULL, '+23 573-453-4709', '+101 349-212-9019', NULL, 'Hombre' ),
('BRÍGIDA', 'DORANTES', 'ROSALES', '+52 539-431-9226', '+55 307-677-7557', 'Matricula188@gmail.com', 'Mujer' ),
('MATILDE', 'BAHENA', 'FLORES', '+18 386-261-7795', '+93 830-656-2651', 'Matricula189@gmail.com', 'Mujer' ),
('FLORA', 'RUEDA', NULL, '+82 859-698-8054', '+56 565-933-3480', NULL, 'Mujer' ),
('CLOTILDE', 'AVELLANEDA', 'GOICOECHEA', '+103 152-710-9166', NULL, 'Matricula191@gmail.com', 'Mujer' ),
('ANAHÍ', 'AVILÉS', NULL, '+73 641-965-2662', NULL, NULL, 'Mujer' ),
('REBECA', 'GOROSTIETA', 'CASTAÑARES', '+57 972-437-4247', '+82 134-941-1910', 'Matricula193@gmail.com', 'Mujer' ),
('YONATÁN', 'OCAMPO', 'AZCÁRATE', '+38 246-523-5088', '+66 583-692-7658', NULL, 'Hombre' ),
('ÁNGEL', 'ORTEGA', NULL, '+31 731-152-2100', NULL, 'Matricula195@gmail.com', 'Hombre' ),
('JESÚS', 'LEYVA', 'CABELLO', '+99 872-925-3355', '+25 757-296-6770', 'Matricula196@gmail.com', 'Hombre' ),
('MIRIAM', 'FIERRO', 'BECERRA', '+56 466-834-5873', NULL, NULL, 'Mujer' ),
('DIONISIO', 'SERVIN', 'RIVAS', '+66 194-688-5687', '+52 928-653-8149', NULL, 'Hombre' ),
('EVELIA', 'MACHUCA', NULL, '+74 767-500-2447', '+68 484-982-5780', 'Matricula199@gmail.com', 'Mujer' ),
('CIRILO', 'BENITEZ', 'SALGADO', '+63 954-438-4345', NULL, NULL, 'Hombre' ),
('RAÚL', 'ECHÁBARRI', 'CASTILLO', '+108 422-783-3819', NULL, 'Matricula201@gmail.com', 'Hombre' ),
('HERIBERTO', 'GUADARRAMA', NULL, '+81 196-992-7604', '+81 776-470-5663', 'Matricula202@gmail.com', 'Hombre' ),
('CAROLA', 'ORTEGA', NULL, '+75 105-255-3447', NULL, 'Matricula203@gmail.com', 'Mujer' ),
('IRAN', 'GONZALEZ', NULL, '+68 994-871-4111', '+63 158-160-1486', 'Matricula204@gmail.com', 'Hombre' ),
('HELI', 'ANDRÉS', 'POBLANO', '+84 341-503-7123', NULL, NULL, 'Mujer' ),
('HÉCTOR', 'OLIVOS', 'MENDOZA', '+48 128-335-4931', '+39 572-522-6866', 'Matricula206@gmail.com', 'Hombre' ),
('DULCE', 'OCHOA', 'LECUMBERRI', '+33 596-248-5436', NULL, NULL, 'Mujer' ),
('DANA', 'ROJO', 'CHACÓN', '+46 851-631-2726', '+106 867-517-9076', NULL, 'Mujer' ),
('SERAPIO', 'DUARTE', NULL, '+104 991-311-1412', '+42 290-372-3926', NULL, 'Hombre' ),
('TANIA', 'RUBALCAVA', NULL, '+99 421-798-6782', '+84 280-555-9401', NULL, 'Mujer' ),
('LORENZO', 'SALAZAR', NULL, '+52 613-717-1427', '+24 914-353-5007', NULL, 'Hombre' ),
('ZOE', 'ESLAVA', 'ITA', '+76 218-546-6983', NULL, 'Matricula212@gmail.com', 'Mujer' ),
('ALFONSO', 'DOMINGO', 'VIDAL', '+97 646-257-5223', NULL, NULL, 'Hombre' ),
('OMAR', 'CASTILLO', 'LUGO', '+104 663-111-2570', NULL, NULL, 'Hombre' ),
('ERIC', 'SANTIAGO', NULL, '+105 104-602-8933', NULL, 'Matricula215@gmail.com', 'Hombre' ),
('CONSTANCIO', 'CEPEDA', 'BARRETO', '+63 615-257-9441', NULL, 'Matricula216@gmail.com', 'Hombre' ),
('MARIANA', 'ACOSTA', 'RAMÍREZ', '+76 107-212-3671', '+18 396-711-4027', 'Matricula217@gmail.com', 'Mujer' ),
('NALLELY', 'MARBAN', 'ALMARAZ', '+10 564-902-4105', '+67 638-563-9102', NULL, 'Mujer' ),
('IRIS', 'ANDUAGA', NULL, '+94 967-239-4052', '+52 817-390-9070', 'Matricula219@gmail.com', 'Mujer' ),
('CLEMENTE', 'MIRANDA', 'CEBALLOS', '+38 386-140-1399', NULL, 'Matricula220@gmail.com', 'Hombre' ),
('CRISTÓBAL', 'OLIVARES', 'DELGADO', '+50 489-341-1600', '+46 822-491-9017', NULL, 'Hombre' ),
('VICTORIANO', 'ALEGRIA', NULL, '+12 812-465-6327', '+71 844-982-1972', 'Matricula222@gmail.com', 'Hombre' ),
('SALOME', 'OROZCO', 'PARENTE', '+57 725-209-6324', '+57 279-287-1988', NULL, 'Mujer' ),
('AXEL', 'BAUTISTA', NULL, '+98 209-372-7042', '+55 609-104-7186', 'Matricula224@gmail.com', 'Hombre' ),
('CARLOS', 'BENÍTEZ', 'ALMEIDA', '+36 514-476-1322', '+19 855-186-9859', 'Matricula225@gmail.com', 'Hombre' ),
('GRISEL', 'RINCÓN', 'AVILÉS', '+57 608-717-4141', NULL, 'Matricula226@gmail.com', 'Mujer' ),
('GEDEÓN', 'BRIONES', 'ESCANDÓN', '+21 339-101-3538', NULL, NULL, 'Hombre' ),
('JUDIT', 'MORENO', 'BALLESTEROS', '+39 234-760-4543', NULL, NULL, 'Mujer' ),
('KIRA', 'CARVAJAL', NULL, '+48 229-730-5211', NULL, 'Matricula229@gmail.com', 'Hombre' ),
('SILVESTRE', 'CORONA', 'ALARCÓN', '+53 282-137-9375', '+54 829-348-6433', NULL, 'Hombre' ),
('CIRO', 'CAPISTRAN', 'ROBLES', '+69 173-686-6887', NULL, NULL, 'Hombre' ),
('REINALDO', 'CLAVIJO', 'POBLANO', '+102 673-743-4561', '+50 743-276-4052', 'Matricula232@gmail.com', 'Hombre' ),
('SARAHI', 'MARIN', NULL, '+97 405-963-2287', NULL, 'Matricula233@gmail.com', 'Mujer' ),
('ZOE', 'DIMÍNGUEZ', 'CASTREJON', '+107 799-578-1289', NULL, 'Matricula234@gmail.com', 'Mujer' ),
('ROSARIO', 'BOBADILLA', NULL, '+106 883-788-6264', NULL, 'Matricula235@gmail.com', 'Mujer' ),
('SERAPIO', 'ROA', 'RENDON', '+39 205-582-3628', '+96 230-254-2327', 'Matricula236@gmail.com', 'Hombre' ),
('WILLIAM', 'ALCARAZ', NULL, '+19 217-485-3158', NULL, 'Matricula237@gmail.com', 'Hombre' ),
('RUBEN', 'PARENTE', 'CHAVARRÍA', '+52 988-904-1685', NULL, NULL, 'Hombre' ),
('FEDERICO', 'VILLEDA', NULL, '+87 758-605-5436', '+35 599-604-7317', 'Matricula239@gmail.com', 'Hombre' ),
('JAQUELINE', 'HINOJOSA', NULL, '+62 872-909-1207', NULL, 'Matricula240@gmail.com', 'Mujer' ),
('CASIMIRO', 'ELIZONDO', NULL, '+18 200-634-8781', '+77 949-525-1745', 'Matricula241@gmail.com', 'Mujer' ),
('ANAHÍ', 'BARRÓN', NULL, '+93 850-951-3921', '+37 364-316-1581', NULL, 'Mujer' ),
('IVONNE', 'SARAVIA', 'CARBONEL', '+64 691-103-8803', NULL, NULL, 'Hombre' ),
('INÉS', 'RIVELLES', 'ALCALÁ', '+83 277-405-6457', '+73 631-250-9824', NULL, 'Mujer' ),
('SANTIAGO', 'OCAMPO', NULL, '+12 312-249-9904', NULL, NULL, 'Hombre' ),
('NICOLÁS', 'LÓPEZ', 'CISNEROS', '+57 222-714-5740', '+85 329-474-6938', NULL, 'Hombre' ),
('CÉSAR', 'AMADOR', 'ALDAY', '+35 213-258-3314', '+58 966-486-4673', 'Matricula247@gmail.com', 'Hombre' ),
('ESTELA', 'ALCALÁ', NULL, '+64 507-613-2854', NULL, 'Matricula248@gmail.com', 'Mujer' ),
('EUDOXIO', 'ROMAN', NULL, '+94 489-965-5044', NULL, NULL, 'Hombre' ),
('EVA', 'BALLESTERO', NULL, '+56 180-954-4424', '+33 525-276-8569', NULL, 'Mujer' ),
('ELISABETH', 'ARMENTA', 'BALLESTEROS', '+75 855-728-1931', NULL, 'Matricula251@gmail.com', 'Mujer' ),
('KEISI', 'MORALES', 'ONOFRE', '+24 878-974-4030', '+60 614-213-8897', 'Matricula252@gmail.com', 'Mujer' ),
('ADALID', 'NADAL', 'ACUÑA', '+28 622-441-1780', '+86 567-725-7221', NULL, 'Mujer' ),
('WENCESLAO', 'MACHUCA', NULL, '+75 428-562-5747', '+50 233-392-5413', NULL, 'Hombre' ),
('PETRA', 'ZARZO', 'SAMANIEGO', '+77 121-955-3751', '+71 506-395-7670', 'Matricula255@gmail.com', 'Mujer' ),
('JACOBO', 'RAFAEL', 'TORRES', '+16 575-191-5390', NULL, NULL, 'Hombre' ),
('CECILIA', 'ENRÍQUEZ', NULL, '+39 143-281-8540', NULL, NULL, 'Mujer' ),
('ORLANDO', 'BAYLE', 'VERA', '+33 722-448-2442', NULL, NULL, 'Hombre' ),
('ARIADNA', 'VILLALOBOS', NULL, '+54 104-890-9865', NULL, NULL, 'Mujer' ),
('SOLAÍN', 'SERVIN', 'CHAMORRO', '+21 551-527-2837', NULL, 'Matricula260@gmail.com', 'Mujer' ),
('IGNACIO', 'CÁSARES', NULL, '+30 575-464-1988', '+32 463-171-1300', 'Matricula261@gmail.com', 'Hombre' ),
('KAREN', 'ZAPATA', NULL, '+98 725-291-7155', '+72 527-436-8671', 'Matricula262@gmail.com', 'Mujer' ),
('VICENTE', 'ARELLANO', 'ZAMORANO', '+19 201-450-7279', '+65 639-496-3573', NULL, 'Hombre' ),
('AURELIA', 'MARCO', NULL, '+73 907-393-1573', '+54 780-126-7701', 'Matricula264@gmail.com', 'Mujer' ),
('FROILÁN', 'ANDRÉS', NULL, '+37 540-680-4771', NULL, 'Matricula265@gmail.com', 'Hombre' ),
('GISEL', 'RUEDA', NULL, '+65 553-773-4764', NULL, 'Matricula266@gmail.com', 'Mujer' ),
('GIANNI', 'ABURTO', NULL, '+108 225-552-9899', NULL, 'Matricula267@gmail.com', 'Mujer' ),
('ENCARNACIÓN', 'LINARES', NULL, '+75 114-344-9809', '+25 392-868-4991', NULL, 'Mujer' ),
('IRIS', 'BASTIDA', NULL, '+59 888-114-9812', NULL, NULL, 'Mujer' ),
('JAVIER', 'MIRELES', 'GUZMAN', '+98 113-698-6339', '+35 184-709-7840', NULL, 'Hombre' ),
('CINTIA', 'ENRIQUEZ', 'LAGOS', '+58 223-106-3929', NULL, NULL, 'Mujer' ),
('ERIC', 'BALDOVINOS', 'MORA', '+54 557-147-9598', NULL, 'Matricula272@gmail.com', 'Hombre' ),
('RODOLFO', 'CASTELLO', NULL, '+96 525-146-8075', '+32 455-820-3916', 'Matricula273@gmail.com', 'Hombre' ),
('FERNANDO', 'NARVÁEZ', NULL, '+73 152-363-4643', '+74 897-943-6693', NULL, 'Hombre' ),
('MAURO', 'ARANDA', 'ALEGRÍA', '+32 556-951-2419', NULL, NULL, 'Hombre' ),
('SERGIO', 'BEGUR', NULL, '+18 678-571-5060', NULL, NULL, 'Hombre' ),
('CIPRIANO', 'ALARCON', NULL, '+19 704-402-4049', NULL, 'Matricula277@gmail.com', 'Hombre' ),
('AQUILINO', 'MIRANDA', NULL, '+101 962-914-5954', '+33 998-631-9720', NULL, 'Hombre' ),
('NICOMEDES', 'O DONELL', 'CLEMENTE', '+36 245-951-1157', '+87 214-516-1211', 'Matricula279@gmail.com', 'Mujer' ),
('NOEMÍ', 'CASTELLO', NULL, '+65 225-765-6769', NULL, NULL, 'Mujer' ),
('EUSEBIO', 'REDONDO', NULL, '+28 864-797-6190', NULL, NULL, 'Hombre' ),
('GUADALUPE', 'ECHÁBARRI', NULL, '+13 860-377-6638', '+31 421-174-9558', NULL, 'Mujer' ),
('ERASMO', 'SAN GABRIEL', NULL, '+28 178-567-6314', NULL, 'Matricula283@gmail.com', 'Hombre' ),
('VICTORIA', 'CHINO', NULL, '+54 632-948-8985', NULL, 'Matricula284@gmail.com', 'Mujer' ),
('MARTÍN', 'RENDÓN', NULL, '+95 338-245-6124', '+47 236-540-5857', 'Matricula285@gmail.com', 'Hombre' ),
('TRINIDAD', 'ALVARADO', 'SERNA', '+43 730-819-3165', '+91 388-596-8958', 'Matricula286@gmail.com', 'Mujer' ),
('DELIA', 'HERAS', NULL, '+39 667-972-2934', NULL, NULL, 'Mujer' ),
('JULIA', 'GUEVARA', 'CAMPUZANO', '+81 409-616-9047', '+26 513-789-4363', NULL, 'Mujer' ),
('DANITZA', 'HERMOSA', 'RIVAS', '+82 457-596-5573', NULL, NULL, 'Mujer' ),
('ÁGATA', 'BUENO', 'DUARTE', '+80 722-859-8281', '+53 841-302-1639', NULL, 'Mujer' ),
('NÉSTOR', 'ARAÚJO', 'VELEZ', '+15 359-257-9986', NULL, NULL, 'Hombre' ),
('VLADIMIR', 'BATRES', NULL, '+90 605-713-8544', NULL, 'Matricula292@gmail.com', 'Hombre' ),
('NAÚM', 'SANCHIZ', 'ROMAN', '+40 964-655-5209', '+36 905-796-5482', NULL, 'Hombre' ),
('CELESTINA', 'GAMA', NULL, '+88 510-681-7793', '+71 232-310-3849', NULL, 'Mujer' ),
('ROMÁN', 'MALAGON', NULL, '+69 337-607-6231', '+44 569-348-4640', 'Matricula295@gmail.com', 'Hombre' ),
('ARNULFO', 'MÍRELES', NULL, '+82 780-661-2679', '+65 623-663-2450', 'Matricula296@gmail.com', 'Hombre' ),
('FANNY', 'CONTRERAS', NULL, '+54 914-208-1688', '+78 164-629-8143', 'Matricula297@gmail.com', 'Mujer' ),
('JOANA', 'SARAVIA', 'ORTIZ', '+32 269-281-6407', '+85 225-914-8584', 'Matricula298@gmail.com', 'Mujer' ),
('THAIS', 'CHICO', NULL, '+24 403-707-3220', NULL, 'Matricula299@gmail.com', 'Mujer' ),
('MARIANA', 'LÓPEZ', 'ACOSTA', '+45 246-886-6261', '+51 738-637-8092', NULL, 'Mujer' ) 
;

INSERT INTO DOMICILIO (MatEstudiante, IdTutor, Calle, NoExterior, NoInterior, Colonia, Municipio, CodigoPostal)
VALUES
('Matricula307', 240, 'calle1', '83', NULL, 'colonia1', 'municipio1', '74665'),
('Matricula372', 112, 'calle2', '61', '32', 'colonia2', 'municipio2', '30034'),
('Matricula323', 166, 'calle3', '13', '98', 'colonia3', 'municipio3', '32049'),
('Matricula262', 246, 'calle4', '77', '16', 'colonia4', 'municipio4', '72163'),
('Matricula344', 85, 'calle5', '7', NULL, 'colonia5', 'municipio5', '51511'),
('Matricula45', 222, 'calle6', '9', '70', 'colonia6', 'municipio6', '24532'),
('Matricula48', 123, 'calle7', '75', NULL, 'colonia7', 'municipio7', '6781'),
('Matricula206', 82, 'calle8', '56', '8', 'colonia8', 'municipio8', '86308'),
('Matricula293', 137, 'calle9', '29', '59', 'colonia9', 'municipio9', '13900'),
('Matricula372', 50, 'calle10', '100', '29', 'colonia10', 'municipio10', '14392'),
('Matricula181', 70, 'calle11', '93', '26', 'colonia11', 'municipio11', '16093'),
('Matricula448', 71, 'calle12', '17', '46', 'colonia12', 'municipio12', '93214'),
('Matricula301', 280, 'calle13', '46', '42', 'colonia13', 'municipio13', '16216'),
('Matricula433', 74, 'calle14', '71', '95', 'colonia14', 'municipio14', '5573'),
('Matricula261', 84, 'calle15', '90', '21', 'colonia15', 'municipio15', '27423'),
('Matricula163', 51, 'calle16', '82', '81', 'colonia16', 'municipio16', '28440'),
('Matricula457', 38, 'calle17', '38', NULL, 'colonia17', 'municipio17', '10072'),
('Matricula381', 116, 'calle18', '63', '42', 'colonia18', 'municipio18', '49094'),
('Matricula9', 245, 'calle19', '97', '66', 'colonia19', 'municipio19', '61163'),
('Matricula385', 31, 'calle20', '44', '86', 'colonia20', 'municipio20', '10871'),
('Matricula157', 104, 'calle21', '38', '59', 'colonia21', 'municipio21', '18477'),
('Matricula139', 187, 'calle22', '38', '7', 'colonia22', 'municipio22', '76761'),
('Matricula72', 22, 'calle23', '68', NULL, 'colonia23', 'municipio23', '66493'),
('Matricula255', 139, 'calle24', '28', '50', 'colonia24', 'municipio24', '24048'),
('Matricula185', 276, 'calle25', '33', NULL, 'colonia25', 'municipio25', '13437'),
('Matricula330', 191, 'calle26', '34', '32', 'colonia26', 'municipio26', '53325'),
('Matricula92', 220, 'calle27', '56', NULL, 'colonia27', 'municipio27', '69016'),
('Matricula366', 159, 'calle28', '2', '86', 'colonia28', 'municipio28', '12299'),
('Matricula261', 196, 'calle29', '61', '29', 'colonia29', 'municipio29', '88943'),
('Matricula2', 206, 'calle30', '74', NULL, 'colonia30', 'municipio30', '93319'),
('Matricula460', 289, 'calle31', '39', NULL, 'colonia31', 'municipio31', '20180'),
('Matricula23', 203, 'calle32', '43', '24', 'colonia32', 'municipio32', '8922'),
('Matricula242', 285, 'calle33', '79', NULL, 'colonia33', 'municipio33', '75218'),
('Matricula340', 239, 'calle34', '38', '67', 'colonia34', 'municipio34', '74221'),
('Matricula367', 288, 'calle35', '78', '14', 'colonia35', 'municipio35', '15334'),
('Matricula28', 225, 'calle36', '42', NULL, 'colonia36', 'municipio36', '62902'),
('Matricula311', 16, 'calle37', '68', '52', 'colonia37', 'municipio37', '99343'),
('Matricula322', 203, 'calle38', '99', '56', 'colonia38', 'municipio38', '6928'),
('Matricula188', 295, 'calle39', '75', NULL, 'colonia39', 'municipio39', '93728'),
('Matricula272', 273, 'calle40', '12', NULL, 'colonia40', 'municipio40', '16844'),
('Matricula60', 190, 'calle41', '63', NULL, 'colonia41', 'municipio41', '90705'),
('Matricula342', 198, 'calle42', '29', NULL, 'colonia42', 'municipio42', '15389'),
('Matricula219', 167, 'calle43', '31', NULL, 'colonia43', 'municipio43', '23208'),
('Matricula362', 118, 'calle44', '51', NULL, 'colonia44', 'municipio44', '20948'),
('Matricula488', 241, 'calle45', '18', NULL, 'colonia45', 'municipio45', '8791'),
('Matricula407', 9, 'calle46', '5', NULL, 'colonia46', 'municipio46', '38480'),
('Matricula373', 282, 'calle47', '25', NULL, 'colonia47', 'municipio47', '47686'),
('Matricula37', 51, 'calle48', '54', NULL, 'colonia48', 'municipio48', '96219'),
('Matricula391', 20, 'calle49', '88', NULL, 'colonia49', 'municipio49', '50662'),
('Matricula488', 112, 'calle50', '5', NULL, 'colonia50', 'municipio50', '69023'),
('Matricula85', 206, 'calle51', '69', NULL, 'colonia51', 'municipio51', '96234'),
('Matricula154', 132, 'calle52', '41', NULL, 'colonia52', 'municipio52', '39902'),
('Matricula114', 212, 'calle53', '77', NULL, 'colonia53', 'municipio53', '43420'),
('Matricula422', 221, 'calle54', '10', '79', 'colonia54', 'municipio54', '67024'),
('Matricula139', 181, 'calle55', '65', NULL, 'colonia55', 'municipio55', '99188'),
('Matricula247', 47, 'calle56', '62', '50', 'colonia56', 'municipio56', '22223'),
('Matricula116', 188, 'calle57', '58', '48', 'colonia57', 'municipio57', '71580'),
('Matricula301', 275, 'calle58', '78', '14', 'colonia58', 'municipio58', '36212'),
('Matricula202', 144, 'calle59', '71', NULL, 'colonia59', 'municipio59', '19656'),
('Matricula137', 37, 'calle60', '30', NULL, 'colonia60', 'municipio60', '79261'),
('Matricula128', 140, 'calle61', '29', NULL, 'colonia61', 'municipio61', '20978'),
('Matricula181', 123, 'calle62', '92', NULL, 'colonia62', 'municipio62', '21165'),
('Matricula484', 132, 'calle63', '56', NULL, 'colonia63', 'municipio63', '22502'),
('Matricula247', 126, 'calle64', '100', NULL, 'colonia64', 'municipio64', '92406'),
('Matricula176', 168, 'calle65', '83', NULL, 'colonia65', 'municipio65', '62913'),
('Matricula361', 59, 'calle66', '57', '66', 'colonia66', 'municipio66', '57764'),
('Matricula204', 157, 'calle67', '42', '31', 'colonia67', 'municipio67', '86020'),
('Matricula337', 37, 'calle68', '68', NULL, 'colonia68', 'municipio68', '5488'),
('Matricula194', 144, 'calle69', '68', '15', 'colonia69', 'municipio69', '91638'),
('Matricula394', 2, 'calle70', '51', NULL, 'colonia70', 'municipio70', '77421'),
('Matricula383', 59, 'calle71', '97', '6', 'colonia71', 'municipio71', '18179'),
('Matricula45', 260, 'calle72', '75', NULL, 'colonia72', 'municipio72', '80134'),
('Matricula322', 92, 'calle73', '39', NULL, 'colonia73', 'municipio73', '42779'),
('Matricula427', 26, 'calle74', '33', NULL, 'colonia74', 'municipio74', '13712'),
('Matricula285', 298, 'calle75', '89', NULL, 'colonia75', 'municipio75', '50525'),
('Matricula114', 297, 'calle76', '51', NULL, 'colonia76', 'municipio76', '33075'),
('Matricula335', 215, 'calle77', '93', NULL, 'colonia77', 'municipio77', '61077'),
('Matricula281', 176, 'calle78', '98', NULL, 'colonia78', 'municipio78', '21767'),
('Matricula372', 108, 'calle79', '67', NULL, 'colonia79', 'municipio79', '6800'),
('Matricula459', 251, 'calle80', '18', '72', 'colonia80', 'municipio80', '82637'),
('Matricula468', 200, 'calle81', '43', '27', 'colonia81', 'municipio81', '52825'),
('Matricula386', 222, 'calle82', '53', '85', 'colonia82', 'municipio82', '66321'),
('Matricula419', 91, 'calle83', '90', '38', 'colonia83', 'municipio83', '90383'),
('Matricula443', 100, 'calle84', '70', '91', 'colonia84', 'municipio84', '38840'),
('Matricula273', 287, 'calle85', '59', NULL, 'colonia85', 'municipio85', '8907'),
('Matricula117', 79, 'calle86', '14', '15', 'colonia86', 'municipio86', '98584'),
('Matricula197', 183, 'calle87', '23', NULL, 'colonia87', 'municipio87', '2405'),
('Matricula227', 154, 'calle88', '72', NULL, 'colonia88', 'municipio88', '53360'),
('Matricula86', 102, 'calle89', '80', NULL, 'colonia89', 'municipio89', '79646'),
('Matricula347', 79, 'calle90', '30', NULL, 'colonia90', 'municipio90', '60168'),
('Matricula473', 59, 'calle91', '67', '58', 'colonia91', 'municipio91', '69242'),
('Matricula9', 290, 'calle92', '89', '67', 'colonia92', 'municipio92', '71986'),
('Matricula195', 245, 'calle93', '4', '21', 'colonia93', 'municipio93', '47171'),
('Matricula314', 248, 'calle94', '62', NULL, 'colonia94', 'municipio94', '81891'),
('Matricula338', 157, 'calle95', '46', NULL, 'colonia95', 'municipio95', '58313'),
('Matricula58', 82, 'calle96', '69', NULL, 'colonia96', 'municipio96', '20882'),
('Matricula271', 75, 'calle97', '51', '96', 'colonia97', 'municipio97', '73539'),
('Matricula244', 54, 'calle98', '45', NULL, 'colonia98', 'municipio98', '90946'),
('Matricula326', 62, 'calle99', '69', NULL, 'colonia99', 'municipio99', '24136'),
('Matricula204', 263, 'calle100', '56', '7', 'colonia100', 'municipio100', '98429'),
('Matricula339', 268, 'calle101', '18', NULL, 'colonia101', 'municipio101', '62643'),
('Matricula171', 2, 'calle102', '1', '42', 'colonia102', 'municipio102', '19464'),
('Matricula387', 240, 'calle103', '42', '66', 'colonia103', 'municipio103', '33563'),
('Matricula77', 152, 'calle104', '46', '61', 'colonia104', 'municipio104', '18834'),
('Matricula61', 230, 'calle105', '27', NULL, 'colonia105', 'municipio105', '72166'),
('Matricula104', 293, 'calle106', '57', NULL, 'colonia106', 'municipio106', '66326'),
('Matricula379', 89, 'calle107', '66', NULL, 'colonia107', 'municipio107', '38304'),
('Matricula480', 88, 'calle108', '32', NULL, 'colonia108', 'municipio108', '59505'),
('Matricula254', 181, 'calle109', '23', '49', 'colonia109', 'municipio109', '73141'),
('Matricula487', 142, 'calle110', '40', '27', 'colonia110', 'municipio110', '77932'),
('Matricula224', 219, 'calle111', '33', '13', 'colonia111', 'municipio111', '27380'),
('Matricula81', 32, 'calle112', '71', NULL, 'colonia112', 'municipio112', '32115'),
('Matricula337', 165, 'calle113', '10', '72', 'colonia113', 'municipio113', '5645'),
('Matricula64', 66, 'calle114', '12', NULL, 'colonia114', 'municipio114', '38722'),
('Matricula347', 219, 'calle115', '11', NULL, 'colonia115', 'municipio115', '17139'),
('Matricula387', 155, 'calle116', '12', '70', 'colonia116', 'municipio116', '15157'),
('Matricula379', 103, 'calle117', '48', NULL, 'colonia117', 'municipio117', '64262'),
('Matricula173', 36, 'calle118', '43', '31', 'colonia118', 'municipio118', '21625'),
('Matricula469', 269, 'calle119', '70', NULL, 'colonia119', 'municipio119', '2869'),
('Matricula399', 12, 'calle120', '13', NULL, 'colonia120', 'municipio120', '2950'),
('Matricula331', 4, 'calle121', '35', NULL, 'colonia121', 'municipio121', '92972'),
('Matricula369', 164, 'calle122', '65', '15', 'colonia122', 'municipio122', '74637'),
('Matricula88', 283, 'calle123', '31', NULL, 'colonia123', 'municipio123', '26699'),
('Matricula95', 5, 'calle124', '101', NULL, 'colonia124', 'municipio124', '77033'),
('Matricula295', 202, 'calle125', '9', '50', 'colonia125', 'municipio125', '4250'),
('Matricula320', 280, 'calle126', '78', NULL, 'colonia126', 'municipio126', '13021'),
('Matricula85', 172, 'calle127', '93', NULL, 'colonia127', 'municipio127', '79595'),
('Matricula293', 184, 'calle128', '22', '42', 'colonia128', 'municipio128', '89637'),
('Matricula53', 187, 'calle129', '73', NULL, 'colonia129', 'municipio129', '46254'),
('Matricula142', 2, 'calle130', '41', '100', 'colonia130', 'municipio130', '56150'),
('Matricula3', 17, 'calle131', '101', '11', 'colonia131', 'municipio131', '48493'),
('Matricula101', 17, 'calle132', '73', '93', 'colonia132', 'municipio132', '78246'),
('Matricula113', 144, 'calle133', '73', NULL, 'colonia133', 'municipio133', '36493'),
('Matricula365', 191, 'calle134', '78', '30', 'colonia134', 'municipio134', '70425'),
('Matricula395', 43, 'calle135', '87', NULL, 'colonia135', 'municipio135', '49160'),
('Matricula19', 100, 'calle136', '18', NULL, 'colonia136', 'municipio136', '38171'),
('Matricula69', 53, 'calle137', '92', NULL, 'colonia137', 'municipio137', '15744'),
('Matricula402', 235, 'calle138', '44', NULL, 'colonia138', 'municipio138', '4116'),
('Matricula459', 146, 'calle139', '94', NULL, 'colonia139', 'municipio139', '25335'),
('Matricula91', 226, 'calle140', '97', NULL, 'colonia140', 'municipio140', '42793'),
('Matricula322', 286, 'calle141', '55', NULL, 'colonia141', 'municipio141', '87363'),
('Matricula208', 195, 'calle142', '45', NULL, 'colonia142', 'municipio142', '79649'),
('Matricula215', 15, 'calle143', '69', NULL, 'colonia143', 'municipio143', '60366'),
('Matricula184', 74, 'calle144', '53', NULL, 'colonia144', 'municipio144', '29769'),
('Matricula153', 179, 'calle145', '100', '85', 'colonia145', 'municipio145', '37879'),
('Matricula255', 202, 'calle146', '69', NULL, 'colonia146', 'municipio146', '85100'),
('Matricula454', 174, 'calle147', '26', '84', 'colonia147', 'municipio147', '35859'),
('Matricula482', 65, 'calle148', '14', '8', 'colonia148', 'municipio148', '77478'),
('Matricula486', 291, 'calle149', '41', '62', 'colonia149', 'municipio149', '71508'),
('Matricula26', 11, 'calle150', '51', '33', 'colonia150', 'municipio150', '42481'),
('Matricula156', 221, 'calle151', '64', '39', 'colonia151', 'municipio151', '34357'),
('Matricula116', 254, 'calle152', '101', '79', 'colonia152', 'municipio152', '10256'),
('Matricula424', 13, 'calle153', '17', NULL, 'colonia153', 'municipio153', '56622'),
('Matricula254', 125, 'calle154', '26', NULL, 'colonia154', 'municipio154', '90410'),
('Matricula329', 191, 'calle155', '65', NULL, 'colonia155', 'municipio155', '99878'),
('Matricula39', 21, 'calle156', '101', NULL, 'colonia156', 'municipio156', '42662'),
('Matricula215', 256, 'calle157', '64', '20', 'colonia157', 'municipio157', '47811'),
('Matricula159', 268, 'calle158', '51', NULL, 'colonia158', 'municipio158', '4665'),
('Matricula33', 105, 'calle159', '15', NULL, 'colonia159', 'municipio159', '97057'),
('Matricula383', 240, 'calle160', '88', '88', 'colonia160', 'municipio160', '56134'),
('Matricula453', 126, 'calle161', '75', '85', 'colonia161', 'municipio161', '1382'),
('Matricula277', 67, 'calle162', '39', NULL, 'colonia162', 'municipio162', '48963'),
('Matricula230', 8, 'calle163', '36', NULL, 'colonia163', 'municipio163', '40886'),
('Matricula209', 182, 'calle164', '40', NULL, 'colonia164', 'municipio164', '57100'),
('Matricula346', 18, 'calle165', '77', NULL, 'colonia165', 'municipio165', '82250'),
('Matricula415', 80, 'calle166', '100', NULL, 'colonia166', 'municipio166', '66581'),
('Matricula182', 100, 'calle167', '32', NULL, 'colonia167', 'municipio167', '64388'),
('Matricula58', 106, 'calle168', '63', NULL, 'colonia168', 'municipio168', '43390'),
('Matricula405', 176, 'calle169', '59', '34', 'colonia169', 'municipio169', '48960'),
('Matricula429', 281, 'calle170', '57', NULL, 'colonia170', 'municipio170', '66742'),
('Matricula18', 219, 'calle171', '98', '33', 'colonia171', 'municipio171', '11923'),
('Matricula237', 243, 'calle172', '101', NULL, 'colonia172', 'municipio172', '71574'),
('Matricula435', 296, 'calle173', '94', NULL, 'colonia173', 'municipio173', '23932'),
('Matricula491', 133, 'calle174', '56', '1', 'colonia174', 'municipio174', '95213'),
('Matricula475', 212, 'calle175', '77', '39', 'colonia175', 'municipio175', '95567'),
('Matricula93', 260, 'calle176', '40', '64', 'colonia176', 'municipio176', '95746'),
('Matricula500', 81, 'calle177', '14', '38', 'colonia177', 'municipio177', '14452'),
('Matricula178', 248, 'calle178', '99', '98', 'colonia178', 'municipio178', '77913'),
('Matricula1', 248, 'calle179', '13', NULL, 'colonia179', 'municipio179', '61571'),
('Matricula154', 105, 'calle180', '45', '40', 'colonia180', 'municipio180', '76659'),
('Matricula50', 30, 'calle181', '98', NULL, 'colonia181', 'municipio181', '67896'),
('Matricula103', 181, 'calle182', '66', '37', 'colonia182', 'municipio182', '88701'),
('Matricula294', 117, 'calle183', '100', '50', 'colonia183', 'municipio183', '2436'),
('Matricula139', 93, 'calle184', '92', NULL, 'colonia184', 'municipio184', '61043'),
('Matricula333', 66, 'calle185', '65', NULL, 'colonia185', 'municipio185', '9047'),
('Matricula24', 195, 'calle186', '93', '59', 'colonia186', 'municipio186', '33808'),
('Matricula420', 287, 'calle187', '82', '27', 'colonia187', 'municipio187', '55903'),
('Matricula102', 210, 'calle188', '72', NULL, 'colonia188', 'municipio188', '9874'),
('Matricula24', 196, 'calle189', '46', NULL, 'colonia189', 'municipio189', '74307'),
('Matricula222', 216, 'calle190', '52', NULL, 'colonia190', 'municipio190', '67216'),
('Matricula351', 141, 'calle191', '6', '8', 'colonia191', 'municipio191', '71336'),
('Matricula212', 128, 'calle192', '47', '54', 'colonia192', 'municipio192', '52801'),
('Matricula292', 181, 'calle193', '91', '1', 'colonia193', 'municipio193', '46008'),
('Matricula476', 148, 'calle194', '59', '23', 'colonia194', 'municipio194', '62561'),
('Matricula442', 245, 'calle195', '21', '71', 'colonia195', 'municipio195', '87043'),
('Matricula277', 139, 'calle196', '2', '38', 'colonia196', 'municipio196', '82657'),
('Matricula383', 171, 'calle197', '50', '95', 'colonia197', 'municipio197', '76153'),
('Matricula162', 92, 'calle198', '68', NULL, 'colonia198', 'municipio198', '30742'),
('Matricula146', 287, 'calle199', '19', '20', 'colonia199', 'municipio199', '82696'),
('Matricula80', 188, 'calle200', '94', NULL, 'colonia200', 'municipio200', '70542'),
('Matricula458', 298, 'calle201', '83', NULL, 'colonia201', 'municipio201', '48690'),
('Matricula300', 24, 'calle202', '95', '80', 'colonia202', 'municipio202', '14578'),
('Matricula347', 1, 'calle203', '49', '100', 'colonia203', 'municipio203', '79610'),
('Matricula163', 1, 'calle204', '44', '63', 'colonia204', 'municipio204', '50342'),
('Matricula25', 101, 'calle205', '75', NULL, 'colonia205', 'municipio205', '6517'),
('Matricula85', 283, 'calle206', '10', '30', 'colonia206', 'municipio206', '10524'),
('Matricula221', 15, 'calle207', '59', '86', 'colonia207', 'municipio207', '76101'),
('Matricula130', 102, 'calle208', '84', '54', 'colonia208', 'municipio208', '63370'),
('Matricula335', 294, 'calle209', '76', '71', 'colonia209', 'municipio209', '91777'),
('Matricula182', 105, 'calle210', '76', '72', 'colonia210', 'municipio210', '9466'),
('Matricula377', 136, 'calle211', '19', NULL, 'colonia211', 'municipio211', '78320'),
('Matricula127', 218, 'calle212', '48', '90', 'colonia212', 'municipio212', '53778'),
('Matricula335', 203, 'calle213', '44', NULL, 'colonia213', 'municipio213', '989'),
('Matricula20', 9, 'calle214', '76', '38', 'colonia214', 'municipio214', '37201'),
('Matricula134', 287, 'calle215', '55', NULL, 'colonia215', 'municipio215', '85677'),
('Matricula111', 28, 'calle216', '84', '96', 'colonia216', 'municipio216', '54699'),
('Matricula410', 50, 'calle217', '33', NULL, 'colonia217', 'municipio217', '33874'),
('Matricula256', 279, 'calle218', '54', NULL, 'colonia218', 'municipio218', '70245'),
('Matricula300', 161, 'calle219', '19', NULL, 'colonia219', 'municipio219', '63724'),
('Matricula371', 284, 'calle220', '57', NULL, 'colonia220', 'municipio220', '31382'),
('Matricula199', 46, 'calle221', '32', '37', 'colonia221', 'municipio221', '89518'),
('Matricula246', 158, 'calle222', '18', NULL, 'colonia222', 'municipio222', '34622'),
('Matricula305', 74, 'calle223', '74', NULL, 'colonia223', 'municipio223', '40782'),
('Matricula361', 129, 'calle224', '48', '63', 'colonia224', 'municipio224', '18677'),
('Matricula137', 298, 'calle225', '1', NULL, 'colonia225', 'municipio225', '77636'),
('Matricula413', 179, 'calle226', '68', NULL, 'colonia226', 'municipio226', '79303'),
('Matricula55', 87, 'calle227', '7', '89', 'colonia227', 'municipio227', '11177'),
('Matricula267', 269, 'calle228', '22', '13', 'colonia228', 'municipio228', '84846'),
('Matricula441', 113, 'calle229', '26', '33', 'colonia229', 'municipio229', '42897'),
('Matricula248', 143, 'calle230', '43', NULL, 'colonia230', 'municipio230', '7750'),
('Matricula495', 124, 'calle231', '55', NULL, 'colonia231', 'municipio231', '3827'),
('Matricula139', 267, 'calle232', '68', NULL, 'colonia232', 'municipio232', '31939'),
('Matricula249', 115, 'calle233', '50', NULL, 'colonia233', 'municipio233', '39502'),
('Matricula464', 115, 'calle234', '13', '32', 'colonia234', 'municipio234', '92277'),
('Matricula490', 194, 'calle235', '28', '16', 'colonia235', 'municipio235', '54881'),
('Matricula83', 120, 'calle236', '86', '56', 'colonia236', 'municipio236', '75714'),
('Matricula189', 59, 'calle237', '59', '22', 'colonia237', 'municipio237', '42371'),
('Matricula460', 235, 'calle238', '81', NULL, 'colonia238', 'municipio238', '58787'),
('Matricula284', 226, 'calle239', '25', '37', 'colonia239', 'municipio239', '31035'),
('Matricula199', 4, 'calle240', '87', NULL, 'colonia240', 'municipio240', '52530'),
('Matricula230', 121, 'calle241', '9', '74', 'colonia241', 'municipio241', '26094'),
('Matricula241', 61, 'calle242', '98', NULL, 'colonia242', 'municipio242', '4787'),
('Matricula315', 225, 'calle243', '84', '32', 'colonia243', 'municipio243', '50273'),
('Matricula434', 104, 'calle244', '29', '98', 'colonia244', 'municipio244', '55376'),
('Matricula362', 298, 'calle245', '37', NULL, 'colonia245', 'municipio245', '44348'),
('Matricula35', 224, 'calle246', '58', NULL, 'colonia246', 'municipio246', '80564'),
('Matricula354', 177, 'calle247', '21', NULL, 'colonia247', 'municipio247', '95821'),
('Matricula114', 27, 'calle248', '70', NULL, 'colonia248', 'municipio248', '47146'),
('Matricula247', 107, 'calle249', '26', NULL, 'colonia249', 'municipio249', '79550'),
('Matricula459', 86, 'calle250', '19', '96', 'colonia250', 'municipio250', '72332') 
;

INSERT INTO USUARIO (CCT, Password, Correo, Nombre, apellido1, apellido2, Rol)
VALUES
('cct1', 'UsuPassword1', 'Matricula1@gmail.com', 'AZUCENA', 'ABRÉU', NULL, 'Administrador' ),
('cct2', 'UsuPassword2', 'Matricula2@gmail.com', 'SANDRA', 'ARAGÓN', 'GALINDEZ', 'Director' ),
('cct3', 'UsuPassword3', 'Matricula3@gmail.com', 'LUCRECIA', 'ONOFRE', NULL, 'Docente' ),
('cct4', 'UsuPassword4', NULL, 'KEVIN', 'OLIVOS', 'ABAD', 'Director' ),
('cct5', 'UsuPassword5', NULL, 'CLEOPATRA', 'BETZAIRA', 'OLANO', 'Administrador' ),
('cct6', 'UsuPassword6', NULL, 'BIANCA', 'TAPIA', NULL, 'Docente' ),
('cct7', 'UsuPassword7', 'Matricula7@gmail.com', 'EVELIA', 'BEJARANO', NULL, 'Administrador' ),
('cct8', 'UsuPassword8', 'Matricula8@gmail.com', 'JOHANA', 'RANGEL', 'BARRETO', 'Docente' ),
('cct9', 'UsuPassword9', NULL, 'PASCUAL', 'AGUILERA', 'CEPEDA', 'Docente' ),
('cct10', 'UsuPassword10', NULL, 'XAVIER', 'OLMEDO', NULL, 'Docente' ),
('cct11', 'UsuPassword11', NULL, 'VICTORIANO', 'ELOISA', 'SAAVEDRA', 'Docente' ),
('cct12', 'UsuPassword12', NULL, 'HERIBERTO', 'MEDINA', NULL, 'Director' ),
('cct13', 'UsuPassword13', 'Matricula13@gmail.com', 'FERNANDA', 'GIL', NULL, 'Administrador' ),
('cct14', 'UsuPassword14', NULL, 'DAVID', 'CÁRDENAS', 'MONTES', 'Director' ),
('cct15', 'UsuPassword15', NULL, 'NALLELY', 'ACEBES', 'BENITEZ', 'Director' ),
('cct16', 'UsuPassword16', 'Matricula16@gmail.com', 'ARIEL', 'ALMANZA', 'SALVATIERRA', 'Administrador' ),
('cct17', 'UsuPassword17', NULL, 'AZUCENA', 'TAPIA', NULL, 'Director' ),
('cct18', 'UsuPassword18', 'Matricula18@gmail.com', 'VALENTÍN', 'ALCALÁ', 'MARQUEZ', 'Director' ),
('cct19', 'UsuPassword19', 'Matricula19@gmail.com', 'SAÚL', 'FIGUEROA', 'DELGADO', 'Administrador' ),
('cct20', 'UsuPassword20', 'Matricula20@gmail.com', 'EULALIO', 'FUENTES', NULL, 'Administrador' ),
('cct21', 'UsuPassword21', 'Matricula21@gmail.com', 'SHARID', 'NADAL', NULL, 'Director' ),
('cct22', 'UsuPassword22', 'Matricula22@gmail.com', 'JUAN', 'LECUMBERRI', 'ROSALIO', 'Administrador' ),
('cct23', 'UsuPassword23', 'Matricula23@gmail.com', 'DANIELA', 'ARAÚJO', NULL, 'Director' ),
('cct24', 'UsuPassword24', NULL, 'RENÉ', 'ENRÍQUEZ', NULL, 'Docente' ),
('cct25', 'UsuPassword25', 'Matricula25@gmail.com', 'MALVINA', 'LÓPEZ', 'ESCOBAR', 'Administrador' ),
('cct26', 'UsuPassword26', 'Matricula26@gmail.com', 'EMILIANO', 'ROMERO', 'MONTIEL', 'Director' ),
('cct27', 'UsuPassword27', NULL, 'AGUSTÍN', 'ZAPATA', NULL, 'Docente' ),
('cct28', 'UsuPassword28', 'Matricula28@gmail.com', 'HELI', 'LECUMBERRI', 'RAFAEL', 'Administrador' ),
('cct29', 'UsuPassword29', NULL, 'TITO', 'ESCOBEDO', 'ARROLLO', 'Administrador' ),
('cct30', 'UsuPassword30', NULL, 'OSIRIS', 'AVELLANEDA', NULL, 'Docente' ) 
;

INSERT INTO REPORTE (Fecha, Motivo, Descripcion, Canalizacion, CCT, MatEstudiante)
VALUES
('2014-2-14', 'ReporteMotivo1', 'ReporteDescripcion1', 'ReporteCanalizacion1', 'cct3', 'Matricula242' ),
('2006-7-9', 'ReporteMotivo2', 'ReporteDescripcion2', 'ReporteCanalizacion2', 'cct19', 'Matricula489' ),
('2012-8-23', 'ReporteMotivo3', 'ReporteDescripcion3', 'ReporteCanalizacion3', 'cct5', 'Matricula432' ),
('2009-1-27', 'ReporteMotivo4', 'ReporteDescripcion4', 'ReporteCanalizacion4', 'cct13', 'Matricula80' ),
('2009-6-28', 'ReporteMotivo5', 'ReporteDescripcion5', 'ReporteCanalizacion5', 'cct29', 'Matricula500' ),
('2007-8-4', 'ReporteMotivo6', 'ReporteDescripcion6', 'ReporteCanalizacion6', 'cct12', 'Matricula315' ),
('2015-12-1', 'ReporteMotivo7', 'ReporteDescripcion7', 'ReporteCanalizacion7', 'cct29', 'Matricula250' ),
('2007-5-25', 'ReporteMotivo8', 'ReporteDescripcion8', 'ReporteCanalizacion8', 'cct15', 'Matricula154' ),
('2013-12-12', 'ReporteMotivo9', 'ReporteDescripcion9', 'ReporteCanalizacion9', 'cct23', 'Matricula149' ),
('2010-2-17', 'ReporteMotivo10', 'ReporteDescripcion10', 'ReporteCanalizacion10', 'cct30', 'Matricula148' ),
('2008-3-17', 'ReporteMotivo11', 'ReporteDescripcion11', 'ReporteCanalizacion11', 'cct24', 'Matricula86' ),
('2009-9-2', 'ReporteMotivo12', 'ReporteDescripcion12', 'ReporteCanalizacion12', 'cct17', 'Matricula293' ),
('2015-6-6', 'ReporteMotivo13', 'ReporteDescripcion13', 'ReporteCanalizacion13', 'cct25', 'Matricula373' ),
('2014-3-1', 'ReporteMotivo14', 'ReporteDescripcion14', 'ReporteCanalizacion14', 'cct30', 'Matricula306' ),
('2007-10-21', 'ReporteMotivo15', 'ReporteDescripcion15', 'ReporteCanalizacion15', 'cct26', 'Matricula191' ),
('2014-6-7', 'ReporteMotivo16', 'ReporteDescripcion16', 'ReporteCanalizacion16', 'cct6', 'Matricula495' ),
('2006-12-13', 'ReporteMotivo17', 'ReporteDescripcion17', 'ReporteCanalizacion17', 'cct2', 'Matricula70' ),
('2009-12-17', 'ReporteMotivo18', 'ReporteDescripcion18', 'ReporteCanalizacion18', 'cct21', 'Matricula440' ),
('2011-5-22', 'ReporteMotivo19', 'ReporteDescripcion19', 'ReporteCanalizacion19', 'cct26', 'Matricula344' ),
('2012-11-17', 'ReporteMotivo20', 'ReporteDescripcion20', 'ReporteCanalizacion20', 'cct17', 'Matricula322' ),
('2008-2-17', 'ReporteMotivo21', 'ReporteDescripcion21', 'ReporteCanalizacion21', 'cct17', 'Matricula114' ),
('2012-1-20', 'ReporteMotivo22', 'ReporteDescripcion22', 'ReporteCanalizacion22', 'cct18', 'Matricula263' ),
('2007-7-24', 'ReporteMotivo23', 'ReporteDescripcion23', 'ReporteCanalizacion23', 'cct13', 'Matricula253' ),
('2008-4-23', 'ReporteMotivo24', 'ReporteDescripcion24', 'ReporteCanalizacion24', 'cct28', 'Matricula226' ),
('2012-4-11', 'ReporteMotivo25', 'ReporteDescripcion25', 'ReporteCanalizacion25', 'cct29', 'Matricula257' ),
('2013-8-6', 'ReporteMotivo26', 'ReporteDescripcion26', 'ReporteCanalizacion26', 'cct15', 'Matricula146' ),
('2011-8-22', 'ReporteMotivo27', 'ReporteDescripcion27', 'ReporteCanalizacion27', 'cct9', 'Matricula260' ),
('2011-10-24', 'ReporteMotivo28', 'ReporteDescripcion28', 'ReporteCanalizacion28', 'cct3', 'Matricula126' ),
('2009-9-3', 'ReporteMotivo29', 'ReporteDescripcion29', 'ReporteCanalizacion29', 'cct20', 'Matricula86' ),
('2007-4-24', 'ReporteMotivo30', 'ReporteDescripcion30', 'ReporteCanalizacion30', 'cct13', 'Matricula371' ),
('2010-12-3', 'ReporteMotivo31', 'ReporteDescripcion31', 'ReporteCanalizacion31', 'cct7', 'Matricula222' ),
('2010-8-19', 'ReporteMotivo32', 'ReporteDescripcion32', 'ReporteCanalizacion32', 'cct27', 'Matricula384' ),
('2014-5-14', 'ReporteMotivo33', 'ReporteDescripcion33', 'ReporteCanalizacion33', 'cct26', 'Matricula148' ),
('2006-7-14', 'ReporteMotivo34', 'ReporteDescripcion34', 'ReporteCanalizacion34', 'cct13', 'Matricula203' ),
('2011-8-2', 'ReporteMotivo35', 'ReporteDescripcion35', 'ReporteCanalizacion35', 'cct9', 'Matricula75' ),
('2010-2-13', 'ReporteMotivo36', 'ReporteDescripcion36', 'ReporteCanalizacion36', 'cct23', 'Matricula120' ),
('2008-7-11', 'ReporteMotivo37', 'ReporteDescripcion37', 'ReporteCanalizacion37', 'cct12', 'Matricula259' ),
('2010-5-7', 'ReporteMotivo38', 'ReporteDescripcion38', 'ReporteCanalizacion38', 'cct6', 'Matricula432' ),
('2014-5-20', 'ReporteMotivo39', 'ReporteDescripcion39', 'ReporteCanalizacion39', 'cct3', 'Matricula343' ),
('2008-11-1', 'ReporteMotivo40', 'ReporteDescripcion40', 'ReporteCanalizacion40', 'cct29', 'Matricula253' ),
('2015-8-9', 'ReporteMotivo41', 'ReporteDescripcion41', 'ReporteCanalizacion41', 'cct17', 'Matricula310' ),
('2006-10-7', 'ReporteMotivo42', 'ReporteDescripcion42', 'ReporteCanalizacion42', 'cct21', 'Matricula125' ),
('2007-9-15', 'ReporteMotivo43', 'ReporteDescripcion43', 'ReporteCanalizacion43', 'cct16', 'Matricula3' ),
('2014-3-3', 'ReporteMotivo44', 'ReporteDescripcion44', 'ReporteCanalizacion44', 'cct7', 'Matricula127' ),
('2013-5-9', 'ReporteMotivo45', 'ReporteDescripcion45', 'ReporteCanalizacion45', 'cct19', 'Matricula412' ),
('2008-1-26', 'ReporteMotivo46', 'ReporteDescripcion46', 'ReporteCanalizacion46', 'cct16', 'Matricula25' ),
('2013-10-3', 'ReporteMotivo47', 'ReporteDescripcion47', 'ReporteCanalizacion47', 'cct5', 'Matricula487' ),
('2012-6-2', 'ReporteMotivo48', 'ReporteDescripcion48', 'ReporteCanalizacion48', 'cct27', 'Matricula285' ),
('2008-11-14', 'ReporteMotivo49', 'ReporteDescripcion49', 'ReporteCanalizacion49', 'cct17', 'Matricula475' ),
('2006-6-17', 'ReporteMotivo50', 'ReporteDescripcion50', 'ReporteCanalizacion50', 'cct3', 'Matricula339' ),
('2008-7-12', 'ReporteMotivo51', 'ReporteDescripcion51', 'ReporteCanalizacion51', 'cct23', 'Matricula454' ),
('2006-8-3', 'ReporteMotivo52', 'ReporteDescripcion52', 'ReporteCanalizacion52', 'cct26', 'Matricula199' ),
('2010-3-23', 'ReporteMotivo53', 'ReporteDescripcion53', 'ReporteCanalizacion53', 'cct9', 'Matricula494' ),
('2015-10-2', 'ReporteMotivo54', 'ReporteDescripcion54', 'ReporteCanalizacion54', 'cct22', 'Matricula228' ),
('2011-12-6', 'ReporteMotivo55', 'ReporteDescripcion55', 'ReporteCanalizacion55', 'cct12', 'Matricula240' ),
('2010-12-18', 'ReporteMotivo56', 'ReporteDescripcion56', 'ReporteCanalizacion56', 'cct30', 'Matricula4' ),
('2012-6-1', 'ReporteMotivo57', 'ReporteDescripcion57', 'ReporteCanalizacion57', 'cct23', 'Matricula166' ),
('2014-12-6', 'ReporteMotivo58', 'ReporteDescripcion58', 'ReporteCanalizacion58', 'cct6', 'Matricula220' ),
('2012-8-1', 'ReporteMotivo59', 'ReporteDescripcion59', 'ReporteCanalizacion59', 'cct30', 'Matricula265' ),
('2009-10-17', 'ReporteMotivo60', 'ReporteDescripcion60', 'ReporteCanalizacion60', 'cct10', 'Matricula141' ),
('2013-5-27', 'ReporteMotivo61', 'ReporteDescripcion61', 'ReporteCanalizacion61', 'cct20', 'Matricula52' ),
('2012-10-12', 'ReporteMotivo62', 'ReporteDescripcion62', 'ReporteCanalizacion62', 'cct4', 'Matricula324' ),
('2012-9-26', 'ReporteMotivo63', 'ReporteDescripcion63', 'ReporteCanalizacion63', 'cct13', 'Matricula451' ),
('2006-4-6', 'ReporteMotivo64', 'ReporteDescripcion64', 'ReporteCanalizacion64', 'cct1', 'Matricula305' ),
('2011-8-26', 'ReporteMotivo65', 'ReporteDescripcion65', 'ReporteCanalizacion65', 'cct2', 'Matricula375' ),
('2013-9-18', 'ReporteMotivo66', 'ReporteDescripcion66', 'ReporteCanalizacion66', 'cct30', 'Matricula146' ),
('2011-11-12', 'ReporteMotivo67', 'ReporteDescripcion67', 'ReporteCanalizacion67', 'cct11', 'Matricula119' ),
('2009-12-21', 'ReporteMotivo68', 'ReporteDescripcion68', 'ReporteCanalizacion68', 'cct4', 'Matricula120' ),
('2011-12-16', 'ReporteMotivo69', 'ReporteDescripcion69', 'ReporteCanalizacion69', 'cct24', 'Matricula307' ),
('2014-1-14', 'ReporteMotivo70', 'ReporteDescripcion70', 'ReporteCanalizacion70', 'cct10', 'Matricula448' ),
('2009-7-22', 'ReporteMotivo71', 'ReporteDescripcion71', 'ReporteCanalizacion71', 'cct15', 'Matricula241' ),
('2015-1-19', 'ReporteMotivo72', 'ReporteDescripcion72', 'ReporteCanalizacion72', 'cct4', 'Matricula296' ),
('2010-5-1', 'ReporteMotivo73', 'ReporteDescripcion73', 'ReporteCanalizacion73', 'cct15', 'Matricula335' ),
('2012-12-1', 'ReporteMotivo74', 'ReporteDescripcion74', 'ReporteCanalizacion74', 'cct13', 'Matricula486' ),
('2011-7-16', 'ReporteMotivo75', 'ReporteDescripcion75', 'ReporteCanalizacion75', 'cct20', 'Matricula357' ),
('2007-5-11', 'ReporteMotivo76', 'ReporteDescripcion76', 'ReporteCanalizacion76', 'cct21', 'Matricula378' ),
('2015-12-22', 'ReporteMotivo77', 'ReporteDescripcion77', 'ReporteCanalizacion77', 'cct18', 'Matricula217' ),
('2014-7-14', 'ReporteMotivo78', 'ReporteDescripcion78', 'ReporteCanalizacion78', 'cct9', 'Matricula33' ),
('2008-5-15', 'ReporteMotivo79', 'ReporteDescripcion79', 'ReporteCanalizacion79', 'cct17', 'Matricula379' ),
('2009-3-19', 'ReporteMotivo80', 'ReporteDescripcion80', 'ReporteCanalizacion80', 'cct2', 'Matricula362' ),
('2013-8-14', 'ReporteMotivo81', 'ReporteDescripcion81', 'ReporteCanalizacion81', 'cct11', 'Matricula334' ),
('2007-4-9', 'ReporteMotivo82', 'ReporteDescripcion82', 'ReporteCanalizacion82', 'cct21', 'Matricula153' ),
('2007-4-25', 'ReporteMotivo83', 'ReporteDescripcion83', 'ReporteCanalizacion83', 'cct7', 'Matricula364' ),
('2006-11-27', 'ReporteMotivo84', 'ReporteDescripcion84', 'ReporteCanalizacion84', 'cct18', 'Matricula315' ),
('2012-3-9', 'ReporteMotivo85', 'ReporteDescripcion85', 'ReporteCanalizacion85', 'cct28', 'Matricula304' ),
('2008-8-4', 'ReporteMotivo86', 'ReporteDescripcion86', 'ReporteCanalizacion86', 'cct23', 'Matricula474' ),
('2015-10-5', 'ReporteMotivo87', 'ReporteDescripcion87', 'ReporteCanalizacion87', 'cct6', 'Matricula316' ),
('2008-3-14', 'ReporteMotivo88', 'ReporteDescripcion88', 'ReporteCanalizacion88', 'cct4', 'Matricula380' ),
('2011-10-25', 'ReporteMotivo89', 'ReporteDescripcion89', 'ReporteCanalizacion89', 'cct21', 'Matricula366' ),
('2011-1-19', 'ReporteMotivo90', 'ReporteDescripcion90', 'ReporteCanalizacion90', 'cct22', 'Matricula451' ),
('2007-7-9', 'ReporteMotivo91', 'ReporteDescripcion91', 'ReporteCanalizacion91', 'cct2', 'Matricula464' ),
('2006-12-24', 'ReporteMotivo92', 'ReporteDescripcion92', 'ReporteCanalizacion92', 'cct9', 'Matricula236' ),
('2009-9-12', 'ReporteMotivo93', 'ReporteDescripcion93', 'ReporteCanalizacion93', 'cct24', 'Matricula222' ),
('2011-6-11', 'ReporteMotivo94', 'ReporteDescripcion94', 'ReporteCanalizacion94', 'cct16', 'Matricula494' ),
('2013-1-19', 'ReporteMotivo95', 'ReporteDescripcion95', 'ReporteCanalizacion95', 'cct14', 'Matricula75' ),
('2015-8-23', 'ReporteMotivo96', 'ReporteDescripcion96', 'ReporteCanalizacion96', 'cct19', 'Matricula247' ),
('2006-4-21', 'ReporteMotivo97', 'ReporteDescripcion97', 'ReporteCanalizacion97', 'cct21', 'Matricula253' ),
('2014-12-17', 'ReporteMotivo98', 'ReporteDescripcion98', 'ReporteCanalizacion98', 'cct21', 'Matricula93' ),
('2010-4-27', 'ReporteMotivo99', 'ReporteDescripcion99', 'ReporteCanalizacion99', 'cct29', 'Matricula92' ),
('2007-4-17', 'ReporteMotivo100', 'ReporteDescripcion100', 'ReporteCanalizacion100', 'cct19', 'Matricula488' ) 
;

INSERT INTO CONDUCTA (MatEstudiante, Fecha, Observaciones)
VALUES
('Matricula367', '2012-4-5 2:53:22', 'ObservacionesDescripcion1' ),
('Matricula372', '2015-5-17 19:25:49', 'ObservacionesDescripcion2' ),
('Matricula356', '2014-11-27 4:47:40', 'ObservacionesDescripcion3' ),
('Matricula329', '2010-4-24 13:34:10', 'ObservacionesDescripcion4' ),
('Matricula292', '2012-6-18 18:4:59', 'ObservacionesDescripcion5' ),
('Matricula222', '2008-2-17 0:57:12', 'ObservacionesDescripcion6' ),
('Matricula150', '2012-8-4 22:10:3', 'ObservacionesDescripcion7' ),
('Matricula101', '2013-11-11 9:23:56', 'ObservacionesDescripcion8' ),
('Matricula262', '2015-2-27 11:21:46', 'ObservacionesDescripcion9' ),
('Matricula50', '2009-1-28 5:40:55', 'ObservacionesDescripcion10' ),
('Matricula28', '2011-12-1 5:14:41', 'ObservacionesDescripcion11' ),
('Matricula364', '2009-6-18 0:48:12', 'ObservacionesDescripcion12' ),
('Matricula203', '2010-2-15 13:22:9', 'ObservacionesDescripcion13' ),
('Matricula323', '2006-4-26 2:5:27', 'ObservacionesDescripcion14' ),
('Matricula292', '2006-12-10 1:26:59', 'ObservacionesDescripcion15' ),
('Matricula101', '2012-12-25 13:52:18', 'ObservacionesDescripcion16' ),
('Matricula66', '2015-2-21 6:1:48', 'ObservacionesDescripcion17' ),
('Matricula346', '2008-7-6 23:37:24', 'ObservacionesDescripcion18' ),
('Matricula19', '2007-7-20 7:19:22', 'ObservacionesDescripcion19' ),
('Matricula322', '2011-9-25 20:0:26', 'ObservacionesDescripcion20' ),
('Matricula430', '2013-2-8 12:6:35', 'ObservacionesDescripcion21' ),
('Matricula110', '2015-7-19 3:13:45', 'ObservacionesDescripcion22' ),
('Matricula367', '2009-8-28 5:48:14', 'ObservacionesDescripcion23' ),
('Matricula351', '2007-3-17 22:26:10', 'ObservacionesDescripcion24' ),
('Matricula153', '2006-1-25 22:0:27', 'ObservacionesDescripcion25' ),
('Matricula431', '2014-1-24 2:51:0', 'ObservacionesDescripcion26' ),
('Matricula423', '2013-1-3 9:0:45', 'ObservacionesDescripcion27' ),
('Matricula146', '2007-8-9 20:47:15', 'ObservacionesDescripcion28' ),
('Matricula347', '2007-10-3 15:50:48', 'ObservacionesDescripcion29' ),
('Matricula271', '2011-9-19 22:13:57', 'ObservacionesDescripcion30' ),
('Matricula10', '2006-8-2 2:23:35', 'ObservacionesDescripcion31' ),
('Matricula404', '2010-10-21 14:23:51', 'ObservacionesDescripcion32' ),
('Matricula390', '2012-5-9 10:53:38', 'ObservacionesDescripcion33' ),
('Matricula182', '2008-5-27 9:10:33', 'ObservacionesDescripcion34' ),
('Matricula177', '2008-9-4 13:33:10', 'ObservacionesDescripcion35' ),
('Matricula89', '2006-8-2 13:17:46', 'ObservacionesDescripcion36' ),
('Matricula364', '2014-3-3 17:34:30', 'ObservacionesDescripcion37' ),
('Matricula398', '2012-10-22 5:32:31', 'ObservacionesDescripcion38' ),
('Matricula408', '2011-7-15 22:23:35', 'ObservacionesDescripcion39' ),
('Matricula254', '2014-10-25 5:10:36', 'ObservacionesDescripcion40' ),
('Matricula394', '2007-7-15 17:40:26', 'ObservacionesDescripcion41' ),
('Matricula429', '2008-6-20 7:32:59', 'ObservacionesDescripcion42' ),
('Matricula252', '2007-3-1 8:54:41', 'ObservacionesDescripcion43' ),
('Matricula214', '2014-6-28 1:54:27', 'ObservacionesDescripcion44' ),
('Matricula30', '2009-10-17 8:46:38', 'ObservacionesDescripcion45' ),
('Matricula201', '2009-8-15 20:1:44', 'ObservacionesDescripcion46' ),
('Matricula406', '2013-5-28 10:58:2', 'ObservacionesDescripcion47' ),
('Matricula128', '2012-10-22 8:55:53', 'ObservacionesDescripcion48' ),
('Matricula31', '2010-5-27 17:6:41', 'ObservacionesDescripcion49' ),
('Matricula342', '2011-2-19 21:21:23', 'ObservacionesDescripcion50' ),
('Matricula159', '2014-9-8 18:6:50', 'ObservacionesDescripcion51' ),
('Matricula100', '2012-3-25 8:15:13', 'ObservacionesDescripcion52' ),
('Matricula396', '2012-1-5 15:24:25', 'ObservacionesDescripcion53' ),
('Matricula310', '2015-10-14 12:35:43', 'ObservacionesDescripcion54' ),
('Matricula388', '2013-11-25 6:7:52', 'ObservacionesDescripcion55' ),
('Matricula278', '2015-1-17 3:58:24', 'ObservacionesDescripcion56' ),
('Matricula222', '2007-4-27 14:8:3', 'ObservacionesDescripcion57' ),
('Matricula37', '2007-4-25 23:17:41', 'ObservacionesDescripcion58' ),
('Matricula381', '2007-8-22 1:21:26', 'ObservacionesDescripcion59' ),
('Matricula284', '2012-3-14 13:22:26', 'ObservacionesDescripcion60' ),
('Matricula453', '2006-1-21 6:30:25', 'ObservacionesDescripcion61' ),
('Matricula354', '2009-4-15 15:4:46', 'ObservacionesDescripcion62' ),
('Matricula310', '2014-4-2 19:21:9', 'ObservacionesDescripcion63' ),
('Matricula438', '2008-7-25 6:49:41', 'ObservacionesDescripcion64' ),
('Matricula184', '2010-9-27 1:3:5', 'ObservacionesDescripcion65' ),
('Matricula321', '2010-8-2 22:39:12', 'ObservacionesDescripcion66' ),
('Matricula396', '2008-1-20 5:6:21', 'ObservacionesDescripcion67' ),
('Matricula310', '2011-11-10 7:10:12', 'ObservacionesDescripcion68' ),
('Matricula34', '2011-4-18 18:49:20', 'ObservacionesDescripcion69' ),
('Matricula373', '2008-12-8 15:29:4', 'ObservacionesDescripcion70' ),
('Matricula380', '2012-4-10 5:3:52', 'ObservacionesDescripcion71' ),
('Matricula485', '2015-12-19 5:59:13', 'ObservacionesDescripcion72' ),
('Matricula15', '2007-7-18 21:17:30', 'ObservacionesDescripcion73' ),
('Matricula374', '2010-11-4 12:55:21', 'ObservacionesDescripcion74' ),
('Matricula226', '2015-5-20 10:26:9', 'ObservacionesDescripcion75' ),
('Matricula486', '2013-2-5 4:46:43', 'ObservacionesDescripcion76' ),
('Matricula216', '2015-11-26 21:41:10', 'ObservacionesDescripcion77' ),
('Matricula219', '2006-2-28 7:35:14', 'ObservacionesDescripcion78' ),
('Matricula283', '2007-6-15 12:20:13', 'ObservacionesDescripcion79' ),
('Matricula265', '2015-9-19 23:20:5', 'ObservacionesDescripcion80' ),
('Matricula415', '2009-3-22 15:53:42', 'ObservacionesDescripcion81' ),
('Matricula49', '2014-10-15 19:17:54', 'ObservacionesDescripcion82' ),
('Matricula50', '2006-1-22 4:11:15', 'ObservacionesDescripcion83' ),
('Matricula58', '2009-2-9 18:51:17', 'ObservacionesDescripcion84' ),
('Matricula311', '2012-6-19 18:36:7', 'ObservacionesDescripcion85' ),
('Matricula105', '2010-2-13 21:2:13', 'ObservacionesDescripcion86' ),
('Matricula260', '2015-12-21 14:53:57', 'ObservacionesDescripcion87' ),
('Matricula498', '2012-8-19 10:16:19', 'ObservacionesDescripcion88' ),
('Matricula452', '2008-11-27 1:1:15', 'ObservacionesDescripcion89' ),
('Matricula494', '2014-6-22 22:38:29', 'ObservacionesDescripcion90' ),
('Matricula172', '2007-7-12 13:16:24', 'ObservacionesDescripcion91' ),
('Matricula487', '2009-5-8 22:18:48', 'ObservacionesDescripcion92' ),
('Matricula387', '2010-12-9 7:27:57', 'ObservacionesDescripcion93' ),
('Matricula149', '2013-5-8 12:52:51', 'ObservacionesDescripcion94' ),
('Matricula34', '2008-8-3 8:38:23', 'ObservacionesDescripcion95' ),
('Matricula427', '2007-1-11 17:19:55', 'ObservacionesDescripcion96' ),
('Matricula118', '2006-11-12 17:57:45', 'ObservacionesDescripcion97' ),
('Matricula465', '2013-11-15 20:37:31', 'ObservacionesDescripcion98' ),
('Matricula305', '2006-10-20 9:14:9', 'ObservacionesDescripcion99' ),
('Matricula127', '2013-2-7 4:38:0', 'ObservacionesDescripcion100' ),
('Matricula382', '2008-4-10 22:8:29', 'ObservacionesDescripcion101' ),
('Matricula94', '2009-9-19 22:58:30', 'ObservacionesDescripcion102' ),
('Matricula171', '2012-12-21 7:8:50', 'ObservacionesDescripcion103' ),
('Matricula233', '2010-8-24 20:27:25', 'ObservacionesDescripcion104' ),
('Matricula444', '2010-2-28 22:50:14', 'ObservacionesDescripcion105' ),
('Matricula419', '2007-8-18 17:34:22', 'ObservacionesDescripcion106' ),
('Matricula154', '2009-3-15 10:4:58', 'ObservacionesDescripcion107' ),
('Matricula318', '2011-2-24 6:37:2', 'ObservacionesDescripcion108' ),
('Matricula396', '2006-9-12 10:57:0', 'ObservacionesDescripcion109' ),
('Matricula231', '2008-3-2 15:26:36', 'ObservacionesDescripcion110' ),
('Matricula225', '2007-8-7 19:28:50', 'ObservacionesDescripcion111' ),
('Matricula85', '2011-4-4 16:32:41', 'ObservacionesDescripcion112' ),
('Matricula385', '2009-8-16 2:34:13', 'ObservacionesDescripcion113' ),
('Matricula204', '2007-3-7 23:1:12', 'ObservacionesDescripcion114' ),
('Matricula106', '2012-10-25 6:40:13', 'ObservacionesDescripcion115' ),
('Matricula372', '2013-12-5 8:5:59', 'ObservacionesDescripcion116' ),
('Matricula188', '2011-12-16 21:20:35', 'ObservacionesDescripcion117' ),
('Matricula426', '2007-1-18 3:13:15', 'ObservacionesDescripcion118' ),
('Matricula112', '2006-9-24 0:41:19', 'ObservacionesDescripcion119' ),
('Matricula178', '2015-1-23 21:34:53', 'ObservacionesDescripcion120' ),
('Matricula495', '2006-10-20 17:48:17', 'ObservacionesDescripcion121' ),
('Matricula329', '2011-1-23 21:10:25', 'ObservacionesDescripcion122' ),
('Matricula394', '2009-8-19 9:49:48', 'ObservacionesDescripcion123' ),
('Matricula152', '2012-8-25 12:51:38', 'ObservacionesDescripcion124' ),
('Matricula496', '2012-4-2 18:20:33', 'ObservacionesDescripcion125' ),
('Matricula481', '2010-3-4 12:44:13', 'ObservacionesDescripcion126' ),
('Matricula101', '2009-3-1 10:52:50', 'ObservacionesDescripcion127' ),
('Matricula139', '2008-4-26 12:48:15', 'ObservacionesDescripcion128' ),
('Matricula30', '2014-2-2 8:58:1', 'ObservacionesDescripcion129' ),
('Matricula41', '2014-10-16 0:47:57', 'ObservacionesDescripcion130' ),
('Matricula386', '2011-3-22 7:46:5', 'ObservacionesDescripcion131' ),
('Matricula391', '2008-5-22 6:13:57', 'ObservacionesDescripcion132' ),
('Matricula120', '2007-6-10 16:1:29', 'ObservacionesDescripcion133' ),
('Matricula166', '2006-6-15 16:49:38', 'ObservacionesDescripcion134' ),
('Matricula68', '2015-6-4 8:36:46', 'ObservacionesDescripcion135' ),
('Matricula299', '2013-6-8 3:7:40', 'ObservacionesDescripcion136' ),
('Matricula147', '2008-1-2 9:59:40', 'ObservacionesDescripcion137' ),
('Matricula409', '2006-8-2 1:17:33', 'ObservacionesDescripcion138' ),
('Matricula339', '2008-2-4 11:18:46', 'ObservacionesDescripcion139' ),
('Matricula87', '2009-5-23 16:7:21', 'ObservacionesDescripcion140' ),
('Matricula188', '2012-1-24 12:29:57', 'ObservacionesDescripcion141' ),
('Matricula143', '2006-10-11 10:51:15', 'ObservacionesDescripcion142' ),
('Matricula375', '2014-3-11 10:5:15', 'ObservacionesDescripcion143' ),
('Matricula211', '2015-7-1 9:37:29', 'ObservacionesDescripcion144' ),
('Matricula16', '2015-3-12 0:56:10', 'ObservacionesDescripcion145' ),
('Matricula315', '2012-11-22 3:8:9', 'ObservacionesDescripcion146' ),
('Matricula490', '2012-11-6 16:47:53', 'ObservacionesDescripcion147' ),
('Matricula333', '2012-7-17 8:54:7', 'ObservacionesDescripcion148' ),
('Matricula390', '2007-3-27 15:4:17', 'ObservacionesDescripcion149' ),
('Matricula276', '2008-7-18 19:56:54', 'ObservacionesDescripcion150' ),
('Matricula427', '2012-10-24 0:1:28', 'ObservacionesDescripcion151' ),
('Matricula410', '2009-7-15 7:3:1', 'ObservacionesDescripcion152' ),
('Matricula328', '2009-11-18 5:31:59', 'ObservacionesDescripcion153' ),
('Matricula357', '2008-11-11 19:11:24', 'ObservacionesDescripcion154' ),
('Matricula415', '2006-6-5 14:31:9', 'ObservacionesDescripcion155' ),
('Matricula440', '2008-4-3 11:35:41', 'ObservacionesDescripcion156' ),
('Matricula394', '2006-10-8 23:35:30', 'ObservacionesDescripcion157' ),
('Matricula121', '2007-8-10 15:19:46', 'ObservacionesDescripcion158' ),
('Matricula495', '2010-4-17 13:49:35', 'ObservacionesDescripcion159' ),
('Matricula170', '2007-7-23 2:56:59', 'ObservacionesDescripcion160' ),
('Matricula213', '2007-9-7 14:28:13', 'ObservacionesDescripcion161' ),
('Matricula158', '2014-10-17 23:15:29', 'ObservacionesDescripcion162' ),
('Matricula318', '2012-12-1 15:25:41', 'ObservacionesDescripcion163' ),
('Matricula396', '2008-11-28 23:7:9', 'ObservacionesDescripcion164' ),
('Matricula182', '2013-3-24 9:52:19', 'ObservacionesDescripcion165' ),
('Matricula73', '2014-9-18 11:17:44', 'ObservacionesDescripcion166' ),
('Matricula477', '2007-11-14 6:23:40', 'ObservacionesDescripcion167' ),
('Matricula358', '2011-6-2 10:52:45', 'ObservacionesDescripcion168' ),
('Matricula299', '2014-9-8 18:55:36', 'ObservacionesDescripcion169' ),
('Matricula160', '2013-2-17 9:1:1', 'ObservacionesDescripcion170' ),
('Matricula154', '2012-1-19 0:37:31', 'ObservacionesDescripcion171' ),
('Matricula356', '2013-8-15 16:17:20', 'ObservacionesDescripcion172' ),
('Matricula140', '2011-12-21 19:54:30', 'ObservacionesDescripcion173' ),
('Matricula496', '2009-4-9 20:40:8', 'ObservacionesDescripcion174' ),
('Matricula313', '2007-11-7 9:8:19', 'ObservacionesDescripcion175' ),
('Matricula421', '2008-6-18 0:0:0', 'ObservacionesDescripcion176' ),
('Matricula114', '2006-9-16 8:38:50', 'ObservacionesDescripcion177' ),
('Matricula458', '2015-12-9 5:50:43', 'ObservacionesDescripcion178' ),
('Matricula30', '2006-6-15 9:11:52', 'ObservacionesDescripcion179' ),
('Matricula353', '2006-9-4 10:0:34', 'ObservacionesDescripcion180' ),
('Matricula283', '2010-12-20 11:56:45', 'ObservacionesDescripcion181' ),
('Matricula238', '2012-1-12 15:12:23', 'ObservacionesDescripcion182' ),
('Matricula83', '2009-12-19 17:23:12', 'ObservacionesDescripcion183' ),
('Matricula28', '2006-10-10 8:57:14', 'ObservacionesDescripcion184' ),
('Matricula175', '2014-6-20 16:17:42', 'ObservacionesDescripcion185' ),
('Matricula466', '2014-7-9 2:31:54', 'ObservacionesDescripcion186' ),
('Matricula301', '2015-3-28 14:15:27', 'ObservacionesDescripcion187' ),
('Matricula121', '2014-6-16 0:20:32', 'ObservacionesDescripcion188' ),
('Matricula82', '2015-1-6 17:26:1', 'ObservacionesDescripcion189' ),
('Matricula37', '2008-11-12 13:58:24', 'ObservacionesDescripcion190' ),
('Matricula97', '2007-9-25 0:40:14', 'ObservacionesDescripcion191' ),
('Matricula434', '2009-6-26 4:30:44', 'ObservacionesDescripcion192' ),
('Matricula490', '2009-2-15 3:55:9', 'ObservacionesDescripcion193' ),
('Matricula401', '2013-5-21 21:48:6', 'ObservacionesDescripcion194' ),
('Matricula294', '2008-12-20 15:5:5', 'ObservacionesDescripcion195' ),
('Matricula298', '2014-1-7 11:38:54', 'ObservacionesDescripcion196' ),
('Matricula357', '2015-2-10 17:56:20', 'ObservacionesDescripcion197' ),
('Matricula402', '2013-3-28 16:14:28', 'ObservacionesDescripcion198' ),
('Matricula347', '2006-1-4 22:1:27', 'ObservacionesDescripcion199' ),
('Matricula346', '2015-4-12 18:55:41', 'ObservacionesDescripcion200' ),
('Matricula430', '2006-2-6 16:52:24', 'ObservacionesDescripcion201' ),
('Matricula320', '2011-1-2 2:55:29', 'ObservacionesDescripcion202' ),
('Matricula31', '2008-5-9 23:41:56', 'ObservacionesDescripcion203' ),
('Matricula142', '2013-5-8 0:12:21', 'ObservacionesDescripcion204' ),
('Matricula362', '2009-10-5 10:0:47', 'ObservacionesDescripcion205' ),
('Matricula346', '2012-3-13 14:27:55', 'ObservacionesDescripcion206' ),
('Matricula8', '2009-8-1 4:45:37', 'ObservacionesDescripcion207' ),
('Matricula469', '2012-9-15 22:47:22', 'ObservacionesDescripcion208' ),
('Matricula240', '2013-6-19 19:15:35', 'ObservacionesDescripcion209' ),
('Matricula169', '2008-9-7 11:58:45', 'ObservacionesDescripcion210' ),
('Matricula379', '2009-9-4 18:45:49', 'ObservacionesDescripcion211' ),
('Matricula215', '2012-9-17 5:24:11', 'ObservacionesDescripcion212' ),
('Matricula394', '2006-5-24 15:31:47', 'ObservacionesDescripcion213' ),
('Matricula3', '2012-1-2 3:5:3', 'ObservacionesDescripcion214' ),
('Matricula397', '2012-1-12 10:10:42', 'ObservacionesDescripcion215' ),
('Matricula229', '2010-1-9 2:9:52', 'ObservacionesDescripcion216' ),
('Matricula341', '2013-12-14 12:5:55', 'ObservacionesDescripcion217' ),
('Matricula57', '2010-3-2 9:9:8', 'ObservacionesDescripcion218' ),
('Matricula229', '2010-5-9 12:38:33', 'ObservacionesDescripcion219' ),
('Matricula99', '2010-8-4 8:8:29', 'ObservacionesDescripcion220' ),
('Matricula302', '2009-2-20 17:3:9', 'ObservacionesDescripcion221' ),
('Matricula35', '2008-1-20 13:37:18', 'ObservacionesDescripcion222' ),
('Matricula481', '2015-3-15 10:3:38', 'ObservacionesDescripcion223' ),
('Matricula496', '2010-7-15 2:48:55', 'ObservacionesDescripcion224' ),
('Matricula337', '2012-9-19 16:18:24', 'ObservacionesDescripcion225' ),
('Matricula91', '2009-1-3 6:11:6', 'ObservacionesDescripcion226' ),
('Matricula355', '2010-4-26 21:12:0', 'ObservacionesDescripcion227' ),
('Matricula121', '2009-7-6 14:52:36', 'ObservacionesDescripcion228' ),
('Matricula254', '2011-4-13 9:49:26', 'ObservacionesDescripcion229' ),
('Matricula254', '2010-1-4 0:29:46', 'ObservacionesDescripcion230' ),
('Matricula405', '2013-8-7 3:47:51', 'ObservacionesDescripcion231' ),
('Matricula97', '2015-10-16 12:24:9', 'ObservacionesDescripcion232' ),
('Matricula40', '2006-4-13 13:28:1', 'ObservacionesDescripcion233' ),
('Matricula140', '2012-12-12 18:17:1', 'ObservacionesDescripcion234' ),
('Matricula306', '2015-7-5 8:47:35', 'ObservacionesDescripcion235' ),
('Matricula448', '2006-2-6 9:22:12', 'ObservacionesDescripcion236' ),
('Matricula487', '2013-7-17 2:32:53', 'ObservacionesDescripcion237' ),
('Matricula11', '2015-6-15 4:19:23', 'ObservacionesDescripcion238' ),
('Matricula211', '2009-1-8 9:59:13', 'ObservacionesDescripcion239' ),
('Matricula175', '2007-7-5 19:0:0', 'ObservacionesDescripcion240' ),
('Matricula217', '2007-7-1 7:8:27', 'ObservacionesDescripcion241' ),
('Matricula18', '2011-12-28 6:32:10', 'ObservacionesDescripcion242' ),
('Matricula447', '2013-8-20 14:24:3', 'ObservacionesDescripcion243' ),
('Matricula58', '2006-2-14 18:44:56', 'ObservacionesDescripcion244' ),
('Matricula406', '2008-7-9 2:50:8', 'ObservacionesDescripcion245' ),
('Matricula367', '2015-11-16 0:56:21', 'ObservacionesDescripcion246' ),
('Matricula489', '2014-3-9 10:7:57', 'ObservacionesDescripcion247' ),
('Matricula244', '2011-7-14 11:38:43', 'ObservacionesDescripcion248' ),
('Matricula59', '2014-11-23 12:18:12', 'ObservacionesDescripcion249' ),
('Matricula285', '2015-9-10 19:47:52', 'ObservacionesDescripcion250' ),
('Matricula478', '2009-10-24 2:29:4', 'ObservacionesDescripcion251' ),
('Matricula40', '2006-9-15 8:13:44', 'ObservacionesDescripcion252' ),
('Matricula166', '2011-8-14 13:5:19', 'ObservacionesDescripcion253' ),
('Matricula146', '2013-11-10 18:33:21', 'ObservacionesDescripcion254' ),
('Matricula462', '2011-11-17 10:44:51', 'ObservacionesDescripcion255' ),
('Matricula464', '2014-9-9 7:7:2', 'ObservacionesDescripcion256' ),
('Matricula175', '2008-8-19 23:22:15', 'ObservacionesDescripcion257' ),
('Matricula132', '2012-1-23 22:42:7', 'ObservacionesDescripcion258' ),
('Matricula389', '2015-3-9 4:59:14', 'ObservacionesDescripcion259' ),
('Matricula176', '2013-11-27 2:56:6', 'ObservacionesDescripcion260' ),
('Matricula446', '2011-1-12 0:49:18', 'ObservacionesDescripcion261' ),
('Matricula273', '2012-10-23 14:37:21', 'ObservacionesDescripcion262' ),
('Matricula430', '2009-3-6 1:8:40', 'ObservacionesDescripcion263' ),
('Matricula219', '2015-6-4 9:23:21', 'ObservacionesDescripcion264' ),
('Matricula206', '2012-8-16 0:39:7', 'ObservacionesDescripcion265' ),
('Matricula380', '2007-12-6 7:47:15', 'ObservacionesDescripcion266' ),
('Matricula375', '2015-9-24 15:14:42', 'ObservacionesDescripcion267' ),
('Matricula335', '2007-9-6 16:38:59', 'ObservacionesDescripcion268' ),
('Matricula327', '2013-1-4 14:7:30', 'ObservacionesDescripcion269' ),
('Matricula498', '2006-12-26 19:42:10', 'ObservacionesDescripcion270' ),
('Matricula125', '2011-5-9 7:51:15', 'ObservacionesDescripcion271' ),
('Matricula258', '2009-3-10 2:44:19', 'ObservacionesDescripcion272' ),
('Matricula25', '2014-5-9 6:36:58', 'ObservacionesDescripcion273' ),
('Matricula314', '2012-7-11 8:16:46', 'ObservacionesDescripcion274' ),
('Matricula311', '2009-5-12 18:38:25', 'ObservacionesDescripcion275' ),
('Matricula178', '2008-6-3 14:31:54', 'ObservacionesDescripcion276' ),
('Matricula78', '2006-3-5 23:52:28', 'ObservacionesDescripcion277' ),
('Matricula185', '2012-3-27 19:55:8', 'ObservacionesDescripcion278' ),
('Matricula290', '2012-10-20 11:48:38', 'ObservacionesDescripcion279' ),
('Matricula3', '2007-10-23 22:18:19', 'ObservacionesDescripcion280' ),
('Matricula116', '2007-7-1 13:47:8', 'ObservacionesDescripcion281' ),
('Matricula455', '2009-7-22 7:3:23', 'ObservacionesDescripcion282' ),
('Matricula260', '2010-4-11 7:29:30', 'ObservacionesDescripcion283' ),
('Matricula411', '2008-3-21 18:28:18', 'ObservacionesDescripcion284' ),
('Matricula458', '2013-10-4 23:24:39', 'ObservacionesDescripcion285' ),
('Matricula398', '2012-7-10 22:14:24', 'ObservacionesDescripcion286' ),
('Matricula442', '2010-10-22 11:22:41', 'ObservacionesDescripcion287' ),
('Matricula467', '2013-7-18 10:39:14', 'ObservacionesDescripcion288' ),
('Matricula365', '2015-2-14 7:21:4', 'ObservacionesDescripcion289' ),
('Matricula92', '2007-7-22 12:52:15', 'ObservacionesDescripcion290' ),
('Matricula433', '2008-5-15 14:19:34', 'ObservacionesDescripcion291' ),
('Matricula67', '2013-3-2 3:41:56', 'ObservacionesDescripcion292' ),
('Matricula103', '2011-7-13 23:55:12', 'ObservacionesDescripcion293' ),
('Matricula98', '2006-11-20 12:50:11', 'ObservacionesDescripcion294' ),
('Matricula438', '2009-9-9 8:2:38', 'ObservacionesDescripcion295' ),
('Matricula336', '2008-12-25 14:56:28', 'ObservacionesDescripcion296' ),
('Matricula59', '2009-12-27 17:24:55', 'ObservacionesDescripcion297' ),
('Matricula376', '2006-5-19 17:27:34', 'ObservacionesDescripcion298' ),
('Matricula90', '2013-9-27 19:37:54', 'ObservacionesDescripcion299' ),
('Matricula26', '2008-11-2 12:59:30', 'ObservacionesDescripcion300' ),
('Matricula364', '2009-8-21 15:51:41', 'ObservacionesDescripcion301' ),
('Matricula52', '2015-2-28 23:0:43', 'ObservacionesDescripcion302' ),
('Matricula183', '2012-3-19 6:2:29', 'ObservacionesDescripcion303' ),
('Matricula465', '2013-6-27 20:13:58', 'ObservacionesDescripcion304' ),
('Matricula177', '2006-12-10 6:17:44', 'ObservacionesDescripcion305' ),
('Matricula75', '2006-5-4 1:14:18', 'ObservacionesDescripcion306' ),
('Matricula293', '2015-5-3 15:45:27', 'ObservacionesDescripcion307' ),
('Matricula26', '2015-11-17 13:21:20', 'ObservacionesDescripcion308' ),
('Matricula470', '2014-10-13 10:26:15', 'ObservacionesDescripcion309' ),
('Matricula270', '2010-1-17 17:10:25', 'ObservacionesDescripcion310' ),
('Matricula425', '2007-9-13 11:59:22', 'ObservacionesDescripcion311' ),
('Matricula183', '2006-5-15 22:38:24', 'ObservacionesDescripcion312' ),
('Matricula452', '2010-5-21 17:57:52', 'ObservacionesDescripcion313' ),
('Matricula8', '2009-6-26 22:44:46', 'ObservacionesDescripcion314' ),
('Matricula236', '2011-9-18 1:27:49', 'ObservacionesDescripcion315' ),
('Matricula314', '2013-2-7 11:50:20', 'ObservacionesDescripcion316' ),
('Matricula53', '2011-8-25 7:43:8', 'ObservacionesDescripcion317' ),
('Matricula18', '2009-2-19 15:10:54', 'ObservacionesDescripcion318' ),
('Matricula479', '2011-6-15 12:38:14', 'ObservacionesDescripcion319' ),
('Matricula218', '2010-3-1 0:3:17', 'ObservacionesDescripcion320' ),
('Matricula226', '2013-5-5 16:50:29', 'ObservacionesDescripcion321' ),
('Matricula63', '2012-10-6 20:19:45', 'ObservacionesDescripcion322' ),
('Matricula273', '2015-2-17 16:33:31', 'ObservacionesDescripcion323' ),
('Matricula97', '2012-12-9 22:21:39', 'ObservacionesDescripcion324' ),
('Matricula440', '2015-10-13 10:50:17', 'ObservacionesDescripcion325' ),
('Matricula153', '2013-7-4 2:20:2', 'ObservacionesDescripcion326' ),
('Matricula2', '2013-1-13 3:2:5', 'ObservacionesDescripcion327' ),
('Matricula387', '2014-8-2 10:9:59', 'ObservacionesDescripcion328' ),
('Matricula425', '2013-2-12 18:51:14', 'ObservacionesDescripcion329' ),
('Matricula146', '2008-6-15 3:8:13', 'ObservacionesDescripcion330' ),
('Matricula114', '2010-1-6 8:18:28', 'ObservacionesDescripcion331' ),
('Matricula469', '2014-10-9 3:51:51', 'ObservacionesDescripcion332' ),
('Matricula189', '2015-1-20 15:50:28', 'ObservacionesDescripcion333' ),
('Matricula492', '2014-8-10 1:57:41', 'ObservacionesDescripcion334' ),
('Matricula260', '2015-10-3 7:19:53', 'ObservacionesDescripcion335' ),
('Matricula63', '2006-6-23 9:49:24', 'ObservacionesDescripcion336' ),
('Matricula351', '2013-12-22 19:28:3', 'ObservacionesDescripcion337' ),
('Matricula354', '2007-10-1 4:57:31', 'ObservacionesDescripcion338' ),
('Matricula153', '2009-7-1 18:22:9', 'ObservacionesDescripcion339' ),
('Matricula250', '2007-10-19 11:18:54', 'ObservacionesDescripcion340' ),
('Matricula433', '2013-7-20 3:13:11', 'ObservacionesDescripcion341' ),
('Matricula253', '2013-11-13 15:20:1', 'ObservacionesDescripcion342' ),
('Matricula82', '2009-11-12 21:6:53', 'ObservacionesDescripcion343' ),
('Matricula148', '2009-11-4 0:52:54', 'ObservacionesDescripcion344' ),
('Matricula30', '2007-9-9 11:48:14', 'ObservacionesDescripcion345' ),
('Matricula475', '2011-6-6 3:7:12', 'ObservacionesDescripcion346' ),
('Matricula67', '2011-7-21 19:52:16', 'ObservacionesDescripcion347' ),
('Matricula188', '2007-1-11 23:40:7', 'ObservacionesDescripcion348' ),
('Matricula189', '2010-12-13 17:33:20', 'ObservacionesDescripcion349' ),
('Matricula184', '2011-3-19 22:23:24', 'ObservacionesDescripcion350' ),
('Matricula342', '2008-11-2 8:59:40', 'ObservacionesDescripcion351' ),
('Matricula358', '2008-3-6 14:3:19', 'ObservacionesDescripcion352' ),
('Matricula131', '2011-2-11 6:2:54', 'ObservacionesDescripcion353' ),
('Matricula165', '2009-6-28 11:30:51', 'ObservacionesDescripcion354' ),
('Matricula162', '2012-7-22 6:26:31', 'ObservacionesDescripcion355' ),
('Matricula84', '2008-7-17 9:11:53', 'ObservacionesDescripcion356' ),
('Matricula132', '2013-3-28 10:40:7', 'ObservacionesDescripcion357' ),
('Matricula378', '2012-9-17 16:39:18', 'ObservacionesDescripcion358' ),
('Matricula459', '2006-10-2 0:24:15', 'ObservacionesDescripcion359' ),
('Matricula21', '2014-4-10 12:30:57', 'ObservacionesDescripcion360' ),
('Matricula302', '2013-8-25 7:23:15', 'ObservacionesDescripcion361' ),
('Matricula171', '2011-5-28 16:8:14', 'ObservacionesDescripcion362' ),
('Matricula268', '2007-4-25 10:14:45', 'ObservacionesDescripcion363' ),
('Matricula44', '2012-2-3 18:32:0', 'ObservacionesDescripcion364' ),
('Matricula361', '2008-5-4 9:50:28', 'ObservacionesDescripcion365' ),
('Matricula384', '2006-8-20 4:55:48', 'ObservacionesDescripcion366' ),
('Matricula401', '2009-10-5 9:26:13', 'ObservacionesDescripcion367' ),
('Matricula302', '2013-9-5 16:7:50', 'ObservacionesDescripcion368' ),
('Matricula293', '2007-3-19 17:44:53', 'ObservacionesDescripcion369' ),
('Matricula406', '2009-2-1 7:18:11', 'ObservacionesDescripcion370' ),
('Matricula325', '2014-11-10 11:29:50', 'ObservacionesDescripcion371' ),
('Matricula461', '2012-3-18 16:5:12', 'ObservacionesDescripcion372' ),
('Matricula113', '2010-9-24 18:5:2', 'ObservacionesDescripcion373' ),
('Matricula452', '2012-7-9 15:59:47', 'ObservacionesDescripcion374' ),
('Matricula11', '2013-4-2 14:58:27', 'ObservacionesDescripcion375' ),
('Matricula136', '2008-6-15 12:56:58', 'ObservacionesDescripcion376' ),
('Matricula177', '2006-5-10 9:47:52', 'ObservacionesDescripcion377' ),
('Matricula25', '2008-10-19 19:34:50', 'ObservacionesDescripcion378' ),
('Matricula414', '2013-10-15 1:11:24', 'ObservacionesDescripcion379' ),
('Matricula390', '2011-10-11 2:25:50', 'ObservacionesDescripcion380' ),
('Matricula46', '2007-5-27 9:41:48', 'ObservacionesDescripcion381' ),
('Matricula47', '2013-7-19 2:32:39', 'ObservacionesDescripcion382' ),
('Matricula112', '2007-7-2 22:54:59', 'ObservacionesDescripcion383' ),
('Matricula88', '2013-7-24 18:33:46', 'ObservacionesDescripcion384' ),
('Matricula441', '2011-1-8 3:9:25', 'ObservacionesDescripcion385' ),
('Matricula205', '2013-2-21 12:2:51', 'ObservacionesDescripcion386' ),
('Matricula24', '2009-3-10 21:45:4', 'ObservacionesDescripcion387' ),
('Matricula336', '2007-9-11 21:38:34', 'ObservacionesDescripcion388' ),
('Matricula205', '2010-9-6 17:47:31', 'ObservacionesDescripcion389' ),
('Matricula52', '2007-8-21 5:8:29', 'ObservacionesDescripcion390' ),
('Matricula241', '2006-11-24 10:15:3', 'ObservacionesDescripcion391' ),
('Matricula207', '2006-7-10 5:9:17', 'ObservacionesDescripcion392' ),
('Matricula143', '2013-2-2 11:0:6', 'ObservacionesDescripcion393' ),
('Matricula231', '2012-9-24 5:52:8', 'ObservacionesDescripcion394' ),
('Matricula80', '2015-11-23 21:15:51', 'ObservacionesDescripcion395' ),
('Matricula452', '2009-11-17 1:53:44', 'ObservacionesDescripcion396' ),
('Matricula294', '2012-8-14 5:21:57', 'ObservacionesDescripcion397' ),
('Matricula357', '2009-1-8 5:56:24', 'ObservacionesDescripcion398' ),
('Matricula110', '2011-4-27 13:26:56', 'ObservacionesDescripcion399' ),
('Matricula163', '2014-10-12 0:29:28', 'ObservacionesDescripcion400' ),
('Matricula157', '2006-5-28 23:22:2', 'ObservacionesDescripcion401' ),
('Matricula391', '2013-9-23 1:8:47', 'ObservacionesDescripcion402' ),
('Matricula205', '2008-12-14 0:51:42', 'ObservacionesDescripcion403' ),
('Matricula310', '2010-2-25 11:36:9', 'ObservacionesDescripcion404' ),
('Matricula498', '2012-7-28 15:49:54', 'ObservacionesDescripcion405' ),
('Matricula89', '2009-3-10 16:29:38', 'ObservacionesDescripcion406' ),
('Matricula12', '2012-1-11 18:57:52', 'ObservacionesDescripcion407' ),
('Matricula395', '2014-5-6 14:47:14', 'ObservacionesDescripcion408' ),
('Matricula9', '2011-1-27 3:10:42', 'ObservacionesDescripcion409' ),
('Matricula143', '2010-9-27 10:3:10', 'ObservacionesDescripcion410' ),
('Matricula298', '2009-6-16 18:6:3', 'ObservacionesDescripcion411' ),
('Matricula484', '2008-2-17 22:8:36', 'ObservacionesDescripcion412' ),
('Matricula79', '2014-5-9 1:39:21', 'ObservacionesDescripcion413' ),
('Matricula28', '2011-10-16 9:59:18', 'ObservacionesDescripcion414' ),
('Matricula354', '2015-7-14 15:43:10', 'ObservacionesDescripcion415' ),
('Matricula403', '2011-6-23 0:46:2', 'ObservacionesDescripcion416' ),
('Matricula307', '2009-3-8 23:36:46', 'ObservacionesDescripcion417' ),
('Matricula21', '2012-9-5 1:33:57', 'ObservacionesDescripcion418' ),
('Matricula186', '2013-6-3 4:10:49', 'ObservacionesDescripcion419' ),
('Matricula349', '2008-2-7 17:8:33', 'ObservacionesDescripcion420' ),
('Matricula87', '2014-4-24 10:54:34', 'ObservacionesDescripcion421' ),
('Matricula415', '2010-11-25 16:13:12', 'ObservacionesDescripcion422' ),
('Matricula87', '2011-5-11 2:12:10', 'ObservacionesDescripcion423' ),
('Matricula19', '2015-2-7 13:14:45', 'ObservacionesDescripcion424' ),
('Matricula212', '2014-6-20 9:2:36', 'ObservacionesDescripcion425' ),
('Matricula18', '2009-4-17 8:56:33', 'ObservacionesDescripcion426' ),
('Matricula100', '2006-6-10 18:24:53', 'ObservacionesDescripcion427' ),
('Matricula424', '2011-5-11 18:9:32', 'ObservacionesDescripcion428' ),
('Matricula287', '2011-9-17 8:13:31', 'ObservacionesDescripcion429' ),
('Matricula324', '2015-4-7 8:27:9', 'ObservacionesDescripcion430' ),
('Matricula118', '2012-12-28 23:58:47', 'ObservacionesDescripcion431' ),
('Matricula126', '2013-11-24 6:45:33', 'ObservacionesDescripcion432' ),
('Matricula394', '2006-7-1 7:50:33', 'ObservacionesDescripcion433' ),
('Matricula428', '2015-3-16 22:0:53', 'ObservacionesDescripcion434' ),
('Matricula269', '2015-11-26 15:30:39', 'ObservacionesDescripcion435' ),
('Matricula308', '2011-10-6 17:16:32', 'ObservacionesDescripcion436' ),
('Matricula398', '2007-3-17 10:7:26', 'ObservacionesDescripcion437' ),
('Matricula62', '2008-4-10 8:9:42', 'ObservacionesDescripcion438' ),
('Matricula463', '2015-3-4 14:56:56', 'ObservacionesDescripcion439' ),
('Matricula424', '2015-10-2 21:28:58', 'ObservacionesDescripcion440' ),
('Matricula390', '2013-8-9 23:15:48', 'ObservacionesDescripcion441' ),
('Matricula164', '2010-8-7 7:8:12', 'ObservacionesDescripcion442' ),
('Matricula181', '2006-1-5 16:48:24', 'ObservacionesDescripcion443' ),
('Matricula96', '2013-1-2 22:9:12', 'ObservacionesDescripcion444' ),
('Matricula475', '2015-3-17 11:32:24', 'ObservacionesDescripcion445' ),
('Matricula282', '2014-7-22 21:32:58', 'ObservacionesDescripcion446' ),
('Matricula375', '2014-10-24 8:47:28', 'ObservacionesDescripcion447' ),
('Matricula434', '2015-11-6 0:50:56', 'ObservacionesDescripcion448' ),
('Matricula54', '2015-2-27 3:50:42', 'ObservacionesDescripcion449' ),
('Matricula122', '2015-9-15 7:53:54', 'ObservacionesDescripcion450' ),
('Matricula445', '2008-12-13 15:24:48', 'ObservacionesDescripcion451' ),
('Matricula300', '2006-5-20 18:27:46', 'ObservacionesDescripcion452' ),
('Matricula443', '2015-12-13 10:9:12', 'ObservacionesDescripcion453' ),
('Matricula443', '2009-3-13 18:55:1', 'ObservacionesDescripcion454' ),
('Matricula389', '2006-12-18 19:4:21', 'ObservacionesDescripcion455' ),
('Matricula344', '2007-8-17 13:10:18', 'ObservacionesDescripcion456' ),
('Matricula97', '2009-5-12 21:23:29', 'ObservacionesDescripcion457' ),
('Matricula320', '2007-8-23 21:11:56', 'ObservacionesDescripcion458' ),
('Matricula298', '2013-2-24 22:30:36', 'ObservacionesDescripcion459' ),
('Matricula314', '2014-2-27 22:27:42', 'ObservacionesDescripcion460' ),
('Matricula97', '2012-12-3 6:15:23', 'ObservacionesDescripcion461' ),
('Matricula59', '2011-1-12 14:35:25', 'ObservacionesDescripcion462' ),
('Matricula492', '2010-2-7 1:59:17', 'ObservacionesDescripcion463' ),
('Matricula91', '2014-6-20 4:38:5', 'ObservacionesDescripcion464' ),
('Matricula402', '2006-6-12 3:49:57', 'ObservacionesDescripcion465' ),
('Matricula145', '2011-4-12 23:38:15', 'ObservacionesDescripcion466' ),
('Matricula286', '2011-4-13 8:21:33', 'ObservacionesDescripcion467' ),
('Matricula488', '2008-5-9 16:41:23', 'ObservacionesDescripcion468' ),
('Matricula382', '2014-11-1 20:22:30', 'ObservacionesDescripcion469' ),
('Matricula288', '2006-7-9 8:3:58', 'ObservacionesDescripcion470' ),
('Matricula234', '2014-1-25 8:12:41', 'ObservacionesDescripcion471' ),
('Matricula26', '2008-12-27 7:25:47', 'ObservacionesDescripcion472' ),
('Matricula144', '2015-10-22 16:56:22', 'ObservacionesDescripcion473' ),
('Matricula97', '2008-11-18 22:6:3', 'ObservacionesDescripcion474' ),
('Matricula409', '2013-6-16 4:5:6', 'ObservacionesDescripcion475' ),
('Matricula39', '2015-11-26 22:51:19', 'ObservacionesDescripcion476' ),
('Matricula220', '2014-11-13 8:15:6', 'ObservacionesDescripcion477' ),
('Matricula35', '2013-5-28 18:54:47', 'ObservacionesDescripcion478' ),
('Matricula26', '2009-5-6 3:46:15', 'ObservacionesDescripcion479' ),
('Matricula75', '2008-3-15 20:54:38', 'ObservacionesDescripcion480' ),
('Matricula210', '2008-8-28 4:8:45', 'ObservacionesDescripcion481' ),
('Matricula478', '2013-3-11 17:18:50', 'ObservacionesDescripcion482' ),
('Matricula266', '2015-10-1 20:27:43', 'ObservacionesDescripcion483' ),
('Matricula21', '2013-12-6 16:5:2', 'ObservacionesDescripcion484' ),
('Matricula333', '2014-1-3 15:59:52', 'ObservacionesDescripcion485' ),
('Matricula223', '2012-2-6 5:25:26', 'ObservacionesDescripcion486' ),
('Matricula372', '2009-1-8 12:24:21', 'ObservacionesDescripcion487' ),
('Matricula432', '2009-10-2 16:3:11', 'ObservacionesDescripcion488' ),
('Matricula298', '2010-8-17 7:45:39', 'ObservacionesDescripcion489' ),
('Matricula219', '2014-8-16 9:51:5', 'ObservacionesDescripcion490' ),
('Matricula292', '2015-2-26 14:55:43', 'ObservacionesDescripcion491' ),
('Matricula82', '2014-11-10 6:8:21', 'ObservacionesDescripcion492' ),
('Matricula457', '2012-9-2 1:25:52', 'ObservacionesDescripcion493' ),
('Matricula245', '2011-10-24 16:49:25', 'ObservacionesDescripcion494' ),
('Matricula78', '2013-12-24 21:33:8', 'ObservacionesDescripcion495' ),
('Matricula88', '2012-1-17 2:34:34', 'ObservacionesDescripcion496' ),
('Matricula218', '2009-11-2 2:46:59', 'ObservacionesDescripcion497' ),
('Matricula422', '2009-2-9 14:43:26', 'ObservacionesDescripcion498' ),
('Matricula204', '2013-3-24 6:15:28', 'ObservacionesDescripcion499' ),
('Matricula383', '2014-3-5 14:17:49', 'ObservacionesDescripcion500' ) 
;

INSERT INTO INFORMACION_CLINICA (MatEstudiante, Peso, Estatura, Imc, TipoSangre, NumeroSeguro, UnidadMedica, Alergias, EnferCronicas, EnferHereditarias, Discapacidades, DiagPsico)
VALUES
('Matricula1', 53.4, 26.7, 53.4, 'B-', 'NumeroSeguro1', 'UMF-1', NULL, 'EnfermedadesCronicas1', 'EnfermedadesHereditarias1', 'Discapacidades1', NULL ),
('Matricula2', 72, 31.5, 72, 'B+', 'NumeroSeguro2', 'UMF-2', NULL, 'EnfermedadesCronicas2', NULL, 'Discapacidades2', 'DiagnosticoPiscopedagogico2' ),
('Matricula3', 72.2, 33.9, 72.2, 'B+', 'NumeroSeguro3', 'UMF-3', NULL, 'EnfermedadesCronicas3', NULL, 'Discapacidades3', NULL ),
('Matricula4', 41.3, 35.1, 41.3, 'O+', 'NumeroSeguro4', 'UMF-4', NULL, 'EnfermedadesCronicas4', 'EnfermedadesHereditarias4', 'Discapacidades4', 'DiagnosticoPiscopedagogico4' ),
('Matricula5', 77.2, 29.9, 77.2, 'O-', 'NumeroSeguro5', 'UMF-5', 'AlergiasDescripcion5', NULL, 'EnfermedadesHereditarias5', 'Discapacidades5', NULL ),
('Matricula6', 52.4, 28.2, 52.4, 'B-', 'NumeroSeguro6', 'UMF-6', 'AlergiasDescripcion6', NULL, 'EnfermedadesHereditarias6', NULL, NULL ),
('Matricula7', 51.9, 31, 51.9, 'A-', 'NumeroSeguro7', 'UMF-7', 'AlergiasDescripcion7', NULL, 'EnfermedadesHereditarias7', 'Discapacidades7', 'DiagnosticoPiscopedagogico7' ),
('Matricula8', 65.4, 22.4, 65.4, 'B-', 'NumeroSeguro8', 'UMF-8', NULL, NULL, NULL, NULL, NULL ),
('Matricula9', 58.9, 34.6, 58.9, 'B+', 'NumeroSeguro9', 'UMF-9', 'AlergiasDescripcion9', 'EnfermedadesCronicas9', NULL, 'Discapacidades9', 'DiagnosticoPiscopedagogico9' ),
('Matricula10', 100.9, 22.8, 100.9, 'AB+', 'NumeroSeguro10', 'UMF-10', NULL, 'EnfermedadesCronicas10', 'EnfermedadesHereditarias10', NULL, NULL ),
('Matricula11', 94.1, 32.8, 94.1, 'O-', 'NumeroSeguro11', 'UMF-11', 'AlergiasDescripcion11', 'EnfermedadesCronicas11', 'EnfermedadesHereditarias11', NULL, NULL ),
('Matricula12', 34.7, 26.9, 34.7, 'O-', 'NumeroSeguro12', 'UMF-12', 'AlergiasDescripcion12', NULL, NULL, NULL, NULL ),
('Matricula13', 100, 35.9, 100, 'B-', 'NumeroSeguro13', 'UMF-13', 'AlergiasDescripcion13', 'EnfermedadesCronicas13', NULL, 'Discapacidades13', NULL ),
('Matricula14', 37.3, 27.5, 37.3, 'O+', 'NumeroSeguro14', 'UMF-14', 'AlergiasDescripcion14', NULL, 'EnfermedadesHereditarias14', NULL, NULL ),
('Matricula15', 76.8, 21, 76.8, 'A-', 'NumeroSeguro15', 'UMF-15', 'AlergiasDescripcion15', NULL, 'EnfermedadesHereditarias15', 'Discapacidades15', 'DiagnosticoPiscopedagogico15' ),
('Matricula16', 95.6, 34.6, 95.6, 'AB+', 'NumeroSeguro16', 'UMF-16', NULL, 'EnfermedadesCronicas16', NULL, 'Discapacidades16', NULL ),
('Matricula17', 96.3, 24.9, 96.3, 'AB-', 'NumeroSeguro17', 'UMF-17', NULL, NULL, 'EnfermedadesHereditarias17', NULL, 'DiagnosticoPiscopedagogico17' ),
('Matricula18', 80.4, 26.3, 80.4, 'O-', 'NumeroSeguro18', 'UMF-18', NULL, 'EnfermedadesCronicas18', NULL, 'Discapacidades18', NULL ),
('Matricula19', 81.3, 22.7, 81.3, 'AB+', 'NumeroSeguro19', 'UMF-19', 'AlergiasDescripcion19', NULL, 'EnfermedadesHereditarias19', 'Discapacidades19', 'DiagnosticoPiscopedagogico19' ),
('Matricula20', 94, 30.1, 94, 'AB-', 'NumeroSeguro20', 'UMF-20', NULL, 'EnfermedadesCronicas20', NULL, NULL, 'DiagnosticoPiscopedagogico20' ),
('Matricula21', 38.3, 22.9, 38.3, 'AB+', 'NumeroSeguro21', 'UMF-21', 'AlergiasDescripcion21', NULL, NULL, 'Discapacidades21', 'DiagnosticoPiscopedagogico21' ),
('Matricula22', 44.2, 30.4, 44.2, 'O+', 'NumeroSeguro22', 'UMF-22', NULL, NULL, 'EnfermedadesHereditarias22', NULL, 'DiagnosticoPiscopedagogico22' ),
('Matricula23', 96.3, 30.1, 96.3, 'B+', 'NumeroSeguro23', 'UMF-23', NULL, 'EnfermedadesCronicas23', NULL, 'Discapacidades23', NULL ),
('Matricula24', 76.1, 35.6, 76.1, 'B+', 'NumeroSeguro24', 'UMF-24', 'AlergiasDescripcion24', 'EnfermedadesCronicas24', NULL, NULL, NULL ),
('Matricula25', 42.4, 27.9, 42.4, 'B+', 'NumeroSeguro25', 'UMF-25', NULL, NULL, 'EnfermedadesHereditarias25', 'Discapacidades25', NULL ),
('Matricula26', 99.3, 35.7, 99.3, 'A+', 'NumeroSeguro26', 'UMF-26', 'AlergiasDescripcion26', 'EnfermedadesCronicas26', NULL, 'Discapacidades26', 'DiagnosticoPiscopedagogico26' ),
('Matricula27', 90.7, 32.4, 90.7, 'AB-', 'NumeroSeguro27', 'UMF-27', 'AlergiasDescripcion27', 'EnfermedadesCronicas27', NULL, NULL, NULL ),
('Matricula28', 98.1, 34.3, 98.1, 'A+', 'NumeroSeguro28', 'UMF-28', NULL, NULL, NULL, NULL, 'DiagnosticoPiscopedagogico28' ),
('Matricula29', 40.7, 32.1, 40.7, 'B+', 'NumeroSeguro29', 'UMF-29', NULL, 'EnfermedadesCronicas29', 'EnfermedadesHereditarias29', 'Discapacidades29', 'DiagnosticoPiscopedagogico29' ),
('Matricula30', 69.7, 30.9, 69.7, 'B+', 'NumeroSeguro30', 'UMF-30', 'AlergiasDescripcion30', NULL, NULL, NULL, NULL ),
('Matricula31', 89, 37.5, 89, 'A-', 'NumeroSeguro31', 'UMF-31', NULL, NULL, 'EnfermedadesHereditarias31', NULL, 'DiagnosticoPiscopedagogico31' ),
('Matricula32', 64.9, 36.5, 64.9, 'AB+', 'NumeroSeguro32', 'UMF-32', NULL, 'EnfermedadesCronicas32', 'EnfermedadesHereditarias32', 'Discapacidades32', 'DiagnosticoPiscopedagogico32' ),
('Matricula33', 45.7, 21.6, 45.7, 'O+', 'NumeroSeguro33', 'UMF-33', NULL, NULL, NULL, NULL, NULL ),
('Matricula34', 42.6, 37.6, 42.6, 'AB+', 'NumeroSeguro34', 'UMF-34', NULL, NULL, NULL, 'Discapacidades34', NULL ),
('Matricula35', 59.5, 34.8, 59.5, 'A+', 'NumeroSeguro35', 'UMF-35', NULL, NULL, 'EnfermedadesHereditarias35', NULL, 'DiagnosticoPiscopedagogico35' ),
('Matricula36', 33.5, 23.2, 33.5, 'AB-', 'NumeroSeguro36', 'UMF-36', NULL, 'EnfermedadesCronicas36', NULL, NULL, NULL ),
('Matricula37', 32.4, 30.2, 32.4, 'AB+', 'NumeroSeguro37', 'UMF-37', 'AlergiasDescripcion37', 'EnfermedadesCronicas37', 'EnfermedadesHereditarias37', NULL, NULL ),
('Matricula38', 78.9, 23.5, 78.9, 'B-', 'NumeroSeguro38', 'UMF-38', 'AlergiasDescripcion38', NULL, 'EnfermedadesHereditarias38', NULL, 'DiagnosticoPiscopedagogico38' ),
('Matricula39', 85.9, 21.5, 85.9, 'O-', 'NumeroSeguro39', 'UMF-39', NULL, 'EnfermedadesCronicas39', 'EnfermedadesHereditarias39', NULL, NULL ),
('Matricula40', 80.8, 25.1, 80.8, 'AB-', 'NumeroSeguro40', 'UMF-40', 'AlergiasDescripcion40', NULL, NULL, NULL, 'DiagnosticoPiscopedagogico40' ),
('Matricula41', 100.9, 27.7, 100.9, 'A+', 'NumeroSeguro41', 'UMF-41', NULL, 'EnfermedadesCronicas41', 'EnfermedadesHereditarias41', 'Discapacidades41', 'DiagnosticoPiscopedagogico41' ),
('Matricula42', 96.5, 25, 96.5, 'B+', 'NumeroSeguro42', 'UMF-42', 'AlergiasDescripcion42', NULL, 'EnfermedadesHereditarias42', 'Discapacidades42', NULL ),
('Matricula43', 55.1, 21.6, 55.1, 'A+', 'NumeroSeguro43', 'UMF-43', NULL, NULL, NULL, NULL, NULL ),
('Matricula44', 51.1, 33.8, 51.1, 'AB-', 'NumeroSeguro44', 'UMF-44', 'AlergiasDescripcion44', 'EnfermedadesCronicas44', 'EnfermedadesHereditarias44', NULL, NULL ),
('Matricula45', 85.1, 36.3, 85.1, 'AB+', 'NumeroSeguro45', 'UMF-45', 'AlergiasDescripcion45', NULL, 'EnfermedadesHereditarias45', NULL, 'DiagnosticoPiscopedagogico45' ),
('Matricula46', 68, 30.3, 68, 'O-', 'NumeroSeguro46', 'UMF-46', NULL, 'EnfermedadesCronicas46', 'EnfermedadesHereditarias46', 'Discapacidades46', 'DiagnosticoPiscopedagogico46' ),
('Matricula47', 54.7, 38.3, 54.7, 'B+', 'NumeroSeguro47', 'UMF-47', NULL, NULL, 'EnfermedadesHereditarias47', 'Discapacidades47', 'DiagnosticoPiscopedagogico47' ),
('Matricula48', 35.6, 25.7, 35.6, 'AB-', 'NumeroSeguro48', 'UMF-48', NULL, 'EnfermedadesCronicas48', 'EnfermedadesHereditarias48', NULL, NULL ),
('Matricula49', 97.2, 21.6, 97.2, 'AB-', 'NumeroSeguro49', 'UMF-49', 'AlergiasDescripcion49', NULL, NULL, NULL, NULL ),
('Matricula50', 81.7, 29.7, 81.7, 'A+', 'NumeroSeguro50', 'UMF-50', 'AlergiasDescripcion50', NULL, NULL, NULL, 'DiagnosticoPiscopedagogico50' ),
('Matricula51', 40.9, 33.3, 40.9, 'AB-', 'NumeroSeguro51', 'UMF-51', 'AlergiasDescripcion51', 'EnfermedadesCronicas51', 'EnfermedadesHereditarias51', NULL, NULL ),
('Matricula52', 60.9, 35.1, 60.9, 'O-', 'NumeroSeguro52', 'UMF-52', NULL, 'EnfermedadesCronicas52', NULL, 'Discapacidades52', 'DiagnosticoPiscopedagogico52' ),
('Matricula53', 76.1, 27, 76.1, 'B+', 'NumeroSeguro53', 'UMF-53', NULL, NULL, NULL, 'Discapacidades53', NULL ),
('Matricula54', 33.2, 38.4, 33.2, 'B+', 'NumeroSeguro54', 'UMF-54', 'AlergiasDescripcion54', 'EnfermedadesCronicas54', NULL, 'Discapacidades54', NULL ),
('Matricula55', 64.4, 32.2, 64.4, 'AB+', 'NumeroSeguro55', 'UMF-55', NULL, NULL, 'EnfermedadesHereditarias55', 'Discapacidades55', 'DiagnosticoPiscopedagogico55' ),
('Matricula56', 68.5, 37.2, 68.5, 'A+', 'NumeroSeguro56', 'UMF-56', NULL, NULL, 'EnfermedadesHereditarias56', NULL, 'DiagnosticoPiscopedagogico56' ),
('Matricula57', 71.9, 26.8, 71.9, 'A+', 'NumeroSeguro57', 'UMF-57', NULL, 'EnfermedadesCronicas57', 'EnfermedadesHereditarias57', 'Discapacidades57', 'DiagnosticoPiscopedagogico57' ),
('Matricula58', 76.9, 36.5, 76.9, 'A+', 'NumeroSeguro58', 'UMF-58', NULL, 'EnfermedadesCronicas58', NULL, 'Discapacidades58', NULL ),
('Matricula59', 100.3, 34.7, 100.3, 'AB-', 'NumeroSeguro59', 'UMF-59', NULL, 'EnfermedadesCronicas59', 'EnfermedadesHereditarias59', 'Discapacidades59', 'DiagnosticoPiscopedagogico59' ),
('Matricula60', 87.8, 22.7, 87.8, 'AB-', 'NumeroSeguro60', 'UMF-60', NULL, 'EnfermedadesCronicas60', 'EnfermedadesHereditarias60', NULL, NULL ),
('Matricula61', 33.7, 35.9, 33.7, 'B+', 'NumeroSeguro61', 'UMF-61', NULL, NULL, NULL, NULL, 'DiagnosticoPiscopedagogico61' ),
('Matricula62', 68.4, 26.3, 68.4, 'AB-', 'NumeroSeguro62', 'UMF-62', NULL, 'EnfermedadesCronicas62', NULL, NULL, 'DiagnosticoPiscopedagogico62' ),
('Matricula63', 41.3, 38.7, 41.3, 'AB-', 'NumeroSeguro63', 'UMF-63', NULL, 'EnfermedadesCronicas63', 'EnfermedadesHereditarias63', NULL, NULL ),
('Matricula64', 36.5, 37.7, 36.5, 'A+', 'NumeroSeguro64', 'UMF-64', 'AlergiasDescripcion64', NULL, NULL, NULL, NULL ),
('Matricula65', 39, 29, 39, 'O+', 'NumeroSeguro65', 'UMF-65', 'AlergiasDescripcion65', 'EnfermedadesCronicas65', 'EnfermedadesHereditarias65', 'Discapacidades65', NULL ),
('Matricula66', 72.5, 21.7, 72.5, 'O-', 'NumeroSeguro66', 'UMF-66', NULL, 'EnfermedadesCronicas66', NULL, NULL, NULL ),
('Matricula67', 36.6, 28.3, 36.6, 'A+', 'NumeroSeguro67', 'UMF-67', 'AlergiasDescripcion67', 'EnfermedadesCronicas67', NULL, NULL, 'DiagnosticoPiscopedagogico67' ),
('Matricula68', 51.2, 34, 51.2, 'O-', 'NumeroSeguro68', 'UMF-68', 'AlergiasDescripcion68', 'EnfermedadesCronicas68', NULL, NULL, 'DiagnosticoPiscopedagogico68' ),
('Matricula69', 44.3, 23.4, 44.3, 'AB+', 'NumeroSeguro69', 'UMF-69', NULL, NULL, NULL, NULL, 'DiagnosticoPiscopedagogico69' ),
('Matricula70', 53.2, 25.5, 53.2, 'AB+', 'NumeroSeguro70', 'UMF-70', 'AlergiasDescripcion70', NULL, NULL, NULL, 'DiagnosticoPiscopedagogico70' ),
('Matricula71', 77.6, 29.5, 77.6, 'A+', 'NumeroSeguro71', 'UMF-71', 'AlergiasDescripcion71', 'EnfermedadesCronicas71', NULL, 'Discapacidades71', 'DiagnosticoPiscopedagogico71' ),
('Matricula72', 67.9, 26.9, 67.9, 'B-', 'NumeroSeguro72', 'UMF-72', 'AlergiasDescripcion72', 'EnfermedadesCronicas72', 'EnfermedadesHereditarias72', 'Discapacidades72', 'DiagnosticoPiscopedagogico72' ),
('Matricula73', 71.3, 25.9, 71.3, 'B-', 'NumeroSeguro73', 'UMF-73', NULL, 'EnfermedadesCronicas73', NULL, 'Discapacidades73', NULL ),
('Matricula74', 97.2, 32.5, 97.2, 'B-', 'NumeroSeguro74', 'UMF-74', NULL, 'EnfermedadesCronicas74', NULL, NULL, NULL ),
('Matricula75', 32.1, 21.6, 32.1, 'O+', 'NumeroSeguro75', 'UMF-75', NULL, NULL, 'EnfermedadesHereditarias75', 'Discapacidades75', NULL ),
('Matricula76', 49.8, 22.3, 49.8, 'B-', 'NumeroSeguro76', 'UMF-76', 'AlergiasDescripcion76', NULL, 'EnfermedadesHereditarias76', 'Discapacidades76', 'DiagnosticoPiscopedagogico76' ),
('Matricula77', 80.3, 38.7, 80.3, 'O-', 'NumeroSeguro77', 'UMF-77', 'AlergiasDescripcion77', 'EnfermedadesCronicas77', NULL, NULL, NULL ),
('Matricula78', 34.8, 27.2, 34.8, 'A-', 'NumeroSeguro78', 'UMF-78', NULL, NULL, 'EnfermedadesHereditarias78', NULL, NULL ),
('Matricula79', 80, 38.9, 80, 'O-', 'NumeroSeguro79', 'UMF-79', 'AlergiasDescripcion79', NULL, 'EnfermedadesHereditarias79', NULL, NULL ),
('Matricula80', 71.5, 37.7, 71.5, 'AB+', 'NumeroSeguro80', 'UMF-80', 'AlergiasDescripcion80', 'EnfermedadesCronicas80', 'EnfermedadesHereditarias80', NULL, 'DiagnosticoPiscopedagogico80' ),
('Matricula81', 38.1, 28.9, 38.1, 'O-', 'NumeroSeguro81', 'UMF-81', NULL, 'EnfermedadesCronicas81', NULL, NULL, 'DiagnosticoPiscopedagogico81' ),
('Matricula82', 93.3, 36, 93.3, 'B+', 'NumeroSeguro82', 'UMF-82', NULL, NULL, 'EnfermedadesHereditarias82', 'Discapacidades82', 'DiagnosticoPiscopedagogico82' ),
('Matricula83', 89.4, 37.1, 89.4, 'B+', 'NumeroSeguro83', 'UMF-83', 'AlergiasDescripcion83', 'EnfermedadesCronicas83', 'EnfermedadesHereditarias83', 'Discapacidades83', 'DiagnosticoPiscopedagogico83' ),
('Matricula84', 76.7, 31.6, 76.7, 'A-', 'NumeroSeguro84', 'UMF-84', NULL, NULL, 'EnfermedadesHereditarias84', NULL, NULL ),
('Matricula85', 76.1, 26.9, 76.1, 'AB-', 'NumeroSeguro85', 'UMF-85', NULL, NULL, NULL, NULL, 'DiagnosticoPiscopedagogico85' ),
('Matricula86', 63.4, 23.2, 63.4, 'B-', 'NumeroSeguro86', 'UMF-86', NULL, 'EnfermedadesCronicas86', NULL, NULL, NULL ),
('Matricula87', 47.9, 21.8, 47.9, 'O+', 'NumeroSeguro87', 'UMF-87', 'AlergiasDescripcion87', 'EnfermedadesCronicas87', 'EnfermedadesHereditarias87', 'Discapacidades87', NULL ),
('Matricula88', 35.9, 34.7, 35.9, 'B-', 'NumeroSeguro88', 'UMF-88', 'AlergiasDescripcion88', 'EnfermedadesCronicas88', NULL, 'Discapacidades88', 'DiagnosticoPiscopedagogico88' ),
('Matricula89', 85.8, 34.8, 85.8, 'O-', 'NumeroSeguro89', 'UMF-89', NULL, 'EnfermedadesCronicas89', 'EnfermedadesHereditarias89', NULL, NULL ),
('Matricula90', 84.9, 38.4, 84.9, 'B+', 'NumeroSeguro90', 'UMF-90', 'AlergiasDescripcion90', 'EnfermedadesCronicas90', 'EnfermedadesHereditarias90', 'Discapacidades90', NULL ),
('Matricula91', 71.9, 36.5, 71.9, 'AB+', 'NumeroSeguro91', 'UMF-91', 'AlergiasDescripcion91', 'EnfermedadesCronicas91', NULL, 'Discapacidades91', 'DiagnosticoPiscopedagogico91' ),
('Matricula92', 64.1, 22.2, 64.1, 'O-', 'NumeroSeguro92', 'UMF-92', NULL, 'EnfermedadesCronicas92', NULL, 'Discapacidades92', 'DiagnosticoPiscopedagogico92' ),
('Matricula93', 94.3, 31.6, 94.3, 'AB+', 'NumeroSeguro93', 'UMF-93', 'AlergiasDescripcion93', 'EnfermedadesCronicas93', NULL, 'Discapacidades93', NULL ),
('Matricula94', 54.3, 25.8, 54.3, 'AB+', 'NumeroSeguro94', 'UMF-94', 'AlergiasDescripcion94', NULL, 'EnfermedadesHereditarias94', 'Discapacidades94', 'DiagnosticoPiscopedagogico94' ),
('Matricula95', 68.6, 31.8, 68.6, 'B+', 'NumeroSeguro95', 'UMF-95', 'AlergiasDescripcion95', NULL, NULL, 'Discapacidades95', NULL ),
('Matricula96', 31.9, 32.3, 31.9, 'AB+', 'NumeroSeguro96', 'UMF-96', NULL, NULL, NULL, NULL, NULL ),
('Matricula97', 88.5, 36.4, 88.5, 'AB+', 'NumeroSeguro97', 'UMF-97', NULL, 'EnfermedadesCronicas97', NULL, 'Discapacidades97', 'DiagnosticoPiscopedagogico97' ),
('Matricula98', 34.1, 29.8, 34.1, 'AB+', 'NumeroSeguro98', 'UMF-98', 'AlergiasDescripcion98', 'EnfermedadesCronicas98', NULL, 'Discapacidades98', NULL ),
('Matricula99', 77, 23.7, 77, 'O-', 'NumeroSeguro99', 'UMF-99', NULL, NULL, NULL, NULL, 'DiagnosticoPiscopedagogico99' ),
('Matricula100', 63.8, 24.4, 63.8, 'A+', 'NumeroSeguro100', 'UMF-100', NULL, 'EnfermedadesCronicas100', 'EnfermedadesHereditarias100', 'Discapacidades100', 'DiagnosticoPiscopedagogico100' ),
('Matricula101', 80.7, 26.4, 80.7, 'A-', 'NumeroSeguro101', 'UMF-101', 'AlergiasDescripcion101', NULL, NULL, 'Discapacidades101', NULL ),
('Matricula102', 43.7, 33.8, 43.7, 'AB-', 'NumeroSeguro102', 'UMF-102', NULL, NULL, 'EnfermedadesHereditarias102', NULL, NULL ),
('Matricula103', 39.8, 24.9, 39.8, 'O-', 'NumeroSeguro103', 'UMF-103', NULL, NULL, NULL, NULL, 'DiagnosticoPiscopedagogico103' ),
('Matricula104', 82.6, 25, 82.6, 'A+', 'NumeroSeguro104', 'UMF-104', NULL, 'EnfermedadesCronicas104', NULL, 'Discapacidades104', 'DiagnosticoPiscopedagogico104' ),
('Matricula105', 80.3, 35.2, 80.3, 'AB-', 'NumeroSeguro105', 'UMF-105', NULL, 'EnfermedadesCronicas105', NULL, 'Discapacidades105', 'DiagnosticoPiscopedagogico105' ),
('Matricula106', 92, 21.1, 92, 'O-', 'NumeroSeguro106', 'UMF-106', NULL, 'EnfermedadesCronicas106', 'EnfermedadesHereditarias106', 'Discapacidades106', NULL ),
('Matricula107', 82, 29.4, 82, 'O-', 'NumeroSeguro107', 'UMF-107', 'AlergiasDescripcion107', NULL, NULL, 'Discapacidades107', NULL ),
('Matricula108', 53, 36.4, 53, 'B-', 'NumeroSeguro108', 'UMF-108', 'AlergiasDescripcion108', NULL, 'EnfermedadesHereditarias108', NULL, 'DiagnosticoPiscopedagogico108' ),
('Matricula109', 76.1, 24.6, 76.1, 'AB-', 'NumeroSeguro109', 'UMF-109', 'AlergiasDescripcion109', NULL, 'EnfermedadesHereditarias109', 'Discapacidades109', NULL ),
('Matricula110', 66.5, 27.3, 66.5, 'B-', 'NumeroSeguro110', 'UMF-110', 'AlergiasDescripcion110', 'EnfermedadesCronicas110', 'EnfermedadesHereditarias110', NULL, 'DiagnosticoPiscopedagogico110' ),
('Matricula111', 47.9, 22.9, 47.9, 'B-', 'NumeroSeguro111', 'UMF-111', 'AlergiasDescripcion111', NULL, 'EnfermedadesHereditarias111', NULL, NULL ),
('Matricula112', 54.8, 24.8, 54.8, 'AB-', 'NumeroSeguro112', 'UMF-112', 'AlergiasDescripcion112', 'EnfermedadesCronicas112', 'EnfermedadesHereditarias112', NULL, 'DiagnosticoPiscopedagogico112' ),
('Matricula113', 74, 27, 74, 'AB+', 'NumeroSeguro113', 'UMF-113', 'AlergiasDescripcion113', 'EnfermedadesCronicas113', NULL, 'Discapacidades113', 'DiagnosticoPiscopedagogico113' ),
('Matricula114', 79.2, 26.6, 79.2, 'AB-', 'NumeroSeguro114', 'UMF-114', 'AlergiasDescripcion114', NULL, NULL, NULL, NULL ),
('Matricula115', 54.6, 23, 54.6, 'A+', 'NumeroSeguro115', 'UMF-115', 'AlergiasDescripcion115', 'EnfermedadesCronicas115', NULL, NULL, NULL ),
('Matricula116', 39.9, 26.8, 39.9, 'O+', 'NumeroSeguro116', 'UMF-116', NULL, 'EnfermedadesCronicas116', NULL, NULL, 'DiagnosticoPiscopedagogico116' ),
('Matricula117', 55.2, 35.1, 55.2, 'AB+', 'NumeroSeguro117', 'UMF-117', NULL, 'EnfermedadesCronicas117', NULL, 'Discapacidades117', NULL ),
('Matricula118', 64.2, 22.9, 64.2, 'O+', 'NumeroSeguro118', 'UMF-118', 'AlergiasDescripcion118', 'EnfermedadesCronicas118', NULL, NULL, 'DiagnosticoPiscopedagogico118' ),
('Matricula119', 59.2, 28, 59.2, 'O+', 'NumeroSeguro119', 'UMF-119', 'AlergiasDescripcion119', NULL, NULL, 'Discapacidades119', NULL ),
('Matricula120', 85.6, 31, 85.6, 'O+', 'NumeroSeguro120', 'UMF-120', NULL, 'EnfermedadesCronicas120', 'EnfermedadesHereditarias120', NULL, 'DiagnosticoPiscopedagogico120' ),
('Matricula121', 54.5, 28.5, 54.5, 'A-', 'NumeroSeguro121', 'UMF-121', NULL, 'EnfermedadesCronicas121', NULL, 'Discapacidades121', NULL ),
('Matricula122', 47.2, 31.6, 47.2, 'O+', 'NumeroSeguro122', 'UMF-122', 'AlergiasDescripcion122', 'EnfermedadesCronicas122', NULL, 'Discapacidades122', 'DiagnosticoPiscopedagogico122' ),
('Matricula123', 46.1, 28.4, 46.1, 'O-', 'NumeroSeguro123', 'UMF-123', 'AlergiasDescripcion123', NULL, 'EnfermedadesHereditarias123', 'Discapacidades123', NULL ),
('Matricula124', 65.2, 31.5, 65.2, 'A+', 'NumeroSeguro124', 'UMF-124', 'AlergiasDescripcion124', NULL, 'EnfermedadesHereditarias124', NULL, 'DiagnosticoPiscopedagogico124' ),
('Matricula125', 53.7, 27.1, 53.7, 'A-', 'NumeroSeguro125', 'UMF-125', NULL, 'EnfermedadesCronicas125', 'EnfermedadesHereditarias125', NULL, NULL ),
('Matricula126', 85.1, 25.3, 85.1, 'O+', 'NumeroSeguro126', 'UMF-126', 'AlergiasDescripcion126', 'EnfermedadesCronicas126', NULL, 'Discapacidades126', NULL ),
('Matricula127', 79.8, 27.5, 79.8, 'AB-', 'NumeroSeguro127', 'UMF-127', 'AlergiasDescripcion127', 'EnfermedadesCronicas127', 'EnfermedadesHereditarias127', NULL, 'DiagnosticoPiscopedagogico127' ),
('Matricula128', 53.4, 36.7, 53.4, 'B-', 'NumeroSeguro128', 'UMF-128', NULL, 'EnfermedadesCronicas128', NULL, NULL, 'DiagnosticoPiscopedagogico128' ),
('Matricula129', 53.6, 37.1, 53.6, 'A-', 'NumeroSeguro129', 'UMF-129', 'AlergiasDescripcion129', 'EnfermedadesCronicas129', NULL, 'Discapacidades129', NULL ),
('Matricula130', 37.3, 37.1, 37.3, 'A+', 'NumeroSeguro130', 'UMF-130', NULL, NULL, 'EnfermedadesHereditarias130', 'Discapacidades130', 'DiagnosticoPiscopedagogico130' ),
('Matricula131', 65.1, 25, 65.1, 'B+', 'NumeroSeguro131', 'UMF-131', NULL, NULL, NULL, NULL, 'DiagnosticoPiscopedagogico131' ),
('Matricula132', 100.5, 24.9, 100.5, 'A-', 'NumeroSeguro132', 'UMF-132', 'AlergiasDescripcion132', NULL, 'EnfermedadesHereditarias132', 'Discapacidades132', NULL ),
('Matricula133', 39.3, 30.9, 39.3, 'B-', 'NumeroSeguro133', 'UMF-133', NULL, NULL, 'EnfermedadesHereditarias133', 'Discapacidades133', NULL ),
('Matricula134', 87.4, 38.6, 87.4, 'AB-', 'NumeroSeguro134', 'UMF-134', 'AlergiasDescripcion134', NULL, NULL, NULL, 'DiagnosticoPiscopedagogico134' ),
('Matricula135', 42.8, 31.2, 42.8, 'B+', 'NumeroSeguro135', 'UMF-135', 'AlergiasDescripcion135', 'EnfermedadesCronicas135', NULL, NULL, 'DiagnosticoPiscopedagogico135' ),
('Matricula136', 76.1, 30.3, 76.1, 'O-', 'NumeroSeguro136', 'UMF-136', NULL, 'EnfermedadesCronicas136', 'EnfermedadesHereditarias136', 'Discapacidades136', NULL ),
('Matricula137', 45.7, 24.2, 45.7, 'AB-', 'NumeroSeguro137', 'UMF-137', 'AlergiasDescripcion137', 'EnfermedadesCronicas137', NULL, NULL, 'DiagnosticoPiscopedagogico137' ),
('Matricula138', 90, 29.3, 90, 'B-', 'NumeroSeguro138', 'UMF-138', NULL, 'EnfermedadesCronicas138', 'EnfermedadesHereditarias138', NULL, 'DiagnosticoPiscopedagogico138' ),
('Matricula139', 95.2, 21.6, 95.2, 'O+', 'NumeroSeguro139', 'UMF-139', NULL, NULL, NULL, 'Discapacidades139', 'DiagnosticoPiscopedagogico139' ),
('Matricula140', 39.9, 21.3, 39.9, 'A-', 'NumeroSeguro140', 'UMF-140', 'AlergiasDescripcion140', 'EnfermedadesCronicas140', 'EnfermedadesHereditarias140', NULL, 'DiagnosticoPiscopedagogico140' ),
('Matricula141', 39, 38, 39, 'O+', 'NumeroSeguro141', 'UMF-141', NULL, 'EnfermedadesCronicas141', 'EnfermedadesHereditarias141', NULL, NULL ),
('Matricula142', 50.5, 23, 50.5, 'B-', 'NumeroSeguro142', 'UMF-142', NULL, NULL, 'EnfermedadesHereditarias142', 'Discapacidades142', 'DiagnosticoPiscopedagogico142' ),
('Matricula143', 98.6, 35.3, 98.6, 'AB-', 'NumeroSeguro143', 'UMF-143', NULL, NULL, NULL, 'Discapacidades143', NULL ),
('Matricula144', 81.7, 33.2, 81.7, 'B-', 'NumeroSeguro144', 'UMF-144', 'AlergiasDescripcion144', 'EnfermedadesCronicas144', NULL, 'Discapacidades144', 'DiagnosticoPiscopedagogico144' ),
('Matricula145', 40.5, 34, 40.5, 'B-', 'NumeroSeguro145', 'UMF-145', 'AlergiasDescripcion145', NULL, 'EnfermedadesHereditarias145', 'Discapacidades145', NULL ),
('Matricula146', 98.8, 36.3, 98.8, 'O+', 'NumeroSeguro146', 'UMF-146', 'AlergiasDescripcion146', 'EnfermedadesCronicas146', 'EnfermedadesHereditarias146', 'Discapacidades146', 'DiagnosticoPiscopedagogico146' ),
('Matricula147', 100.3, 29.2, 100.3, 'AB+', 'NumeroSeguro147', 'UMF-147', NULL, NULL, 'EnfermedadesHereditarias147', 'Discapacidades147', 'DiagnosticoPiscopedagogico147' ),
('Matricula148', 69.9, 31.9, 69.9, 'A-', 'NumeroSeguro148', 'UMF-148', NULL, 'EnfermedadesCronicas148', NULL, NULL, NULL ),
('Matricula149', 82.3, 21.2, 82.3, 'A-', 'NumeroSeguro149', 'UMF-149', 'AlergiasDescripcion149', NULL, NULL, 'Discapacidades149', 'DiagnosticoPiscopedagogico149' ),
('Matricula150', 83.4, 23.3, 83.4, 'AB+', 'NumeroSeguro150', 'UMF-150', NULL, NULL, NULL, 'Discapacidades150', NULL ),
('Matricula151', 48.1, 22, 48.1, 'A+', 'NumeroSeguro151', 'UMF-151', 'AlergiasDescripcion151', NULL, NULL, NULL, NULL ),
('Matricula152', 59.6, 28.6, 59.6, 'AB-', 'NumeroSeguro152', 'UMF-152', NULL, 'EnfermedadesCronicas152', NULL, 'Discapacidades152', NULL ),
('Matricula153', 70.6, 30.3, 70.6, 'O+', 'NumeroSeguro153', 'UMF-153', NULL, NULL, 'EnfermedadesHereditarias153', 'Discapacidades153', NULL ),
('Matricula154', 91.7, 21.4, 91.7, 'B-', 'NumeroSeguro154', 'UMF-154', NULL, 'EnfermedadesCronicas154', 'EnfermedadesHereditarias154', NULL, 'DiagnosticoPiscopedagogico154' ),
('Matricula155', 55.6, 32.6, 55.6, 'B-', 'NumeroSeguro155', 'UMF-155', 'AlergiasDescripcion155', NULL, NULL, 'Discapacidades155', 'DiagnosticoPiscopedagogico155' ),
('Matricula156', 58.8, 36.1, 58.8, 'AB-', 'NumeroSeguro156', 'UMF-156', 'AlergiasDescripcion156', NULL, NULL, NULL, NULL ),
('Matricula157', 60.9, 24.8, 60.9, 'B+', 'NumeroSeguro157', 'UMF-157', NULL, NULL, NULL, 'Discapacidades157', 'DiagnosticoPiscopedagogico157' ),
('Matricula158', 70.8, 29.6, 70.8, 'B+', 'NumeroSeguro158', 'UMF-158', 'AlergiasDescripcion158', 'EnfermedadesCronicas158', NULL, 'Discapacidades158', NULL ),
('Matricula159', 44.6, 38.9, 44.6, 'AB+', 'NumeroSeguro159', 'UMF-159', 'AlergiasDescripcion159', NULL, 'EnfermedadesHereditarias159', NULL, 'DiagnosticoPiscopedagogico159' ),
('Matricula160', 85, 38, 85, 'O-', 'NumeroSeguro160', 'UMF-160', NULL, NULL, 'EnfermedadesHereditarias160', NULL, 'DiagnosticoPiscopedagogico160' ),
('Matricula161', 89.2, 25.6, 89.2, 'AB-', 'NumeroSeguro161', 'UMF-161', NULL, NULL, 'EnfermedadesHereditarias161', NULL, NULL ),
('Matricula162', 73.2, 23.9, 73.2, 'B+', 'NumeroSeguro162', 'UMF-162', 'AlergiasDescripcion162', 'EnfermedadesCronicas162', 'EnfermedadesHereditarias162', 'Discapacidades162', 'DiagnosticoPiscopedagogico162' ),
('Matricula163', 52.3, 31.8, 52.3, 'AB-', 'NumeroSeguro163', 'UMF-163', 'AlergiasDescripcion163', 'EnfermedadesCronicas163', NULL, NULL, NULL ),
('Matricula164', 88.4, 22.7, 88.4, 'AB-', 'NumeroSeguro164', 'UMF-164', NULL, NULL, 'EnfermedadesHereditarias164', NULL, 'DiagnosticoPiscopedagogico164' ),
('Matricula165', 87.4, 22.7, 87.4, 'B-', 'NumeroSeguro165', 'UMF-165', 'AlergiasDescripcion165', NULL, NULL, NULL, 'DiagnosticoPiscopedagogico165' ),
('Matricula166', 36, 24.4, 36, 'B-', 'NumeroSeguro166', 'UMF-166', 'AlergiasDescripcion166', 'EnfermedadesCronicas166', 'EnfermedadesHereditarias166', NULL, NULL ),
('Matricula167', 40.6, 24.8, 40.6, 'O+', 'NumeroSeguro167', 'UMF-167', 'AlergiasDescripcion167', NULL, NULL, NULL, 'DiagnosticoPiscopedagogico167' ),
('Matricula168', 43.8, 38.9, 43.8, 'A-', 'NumeroSeguro168', 'UMF-168', 'AlergiasDescripcion168', NULL, 'EnfermedadesHereditarias168', 'Discapacidades168', 'DiagnosticoPiscopedagogico168' ),
('Matricula169', 85.4, 27.9, 85.4, 'AB+', 'NumeroSeguro169', 'UMF-169', NULL, 'EnfermedadesCronicas169', NULL, NULL, NULL ),
('Matricula170', 90.5, 28.2, 90.5, 'A+', 'NumeroSeguro170', 'UMF-170', 'AlergiasDescripcion170', 'EnfermedadesCronicas170', 'EnfermedadesHereditarias170', NULL, 'DiagnosticoPiscopedagogico170' ),
('Matricula171', 79.9, 36.6, 79.9, 'A+', 'NumeroSeguro171', 'UMF-171', 'AlergiasDescripcion171', 'EnfermedadesCronicas171', 'EnfermedadesHereditarias171', 'Discapacidades171', 'DiagnosticoPiscopedagogico171' ),
('Matricula172', 100.4, 32.1, 100.4, 'O-', 'NumeroSeguro172', 'UMF-172', 'AlergiasDescripcion172', NULL, NULL, 'Discapacidades172', 'DiagnosticoPiscopedagogico172' ),
('Matricula173', 91.2, 35.2, 91.2, 'B-', 'NumeroSeguro173', 'UMF-173', NULL, 'EnfermedadesCronicas173', NULL, NULL, NULL ),
('Matricula174', 57.6, 23.4, 57.6, 'A-', 'NumeroSeguro174', 'UMF-174', NULL, 'EnfermedadesCronicas174', 'EnfermedadesHereditarias174', NULL, NULL ),
('Matricula175', 63.3, 25, 63.3, 'O-', 'NumeroSeguro175', 'UMF-175', NULL, 'EnfermedadesCronicas175', NULL, NULL, NULL ),
('Matricula176', 63.5, 32.2, 63.5, 'O-', 'NumeroSeguro176', 'UMF-176', NULL, 'EnfermedadesCronicas176', NULL, NULL, 'DiagnosticoPiscopedagogico176' ),
('Matricula177', 61.3, 23.4, 61.3, 'AB-', 'NumeroSeguro177', 'UMF-177', 'AlergiasDescripcion177', NULL, 'EnfermedadesHereditarias177', 'Discapacidades177', NULL ),
('Matricula178', 70.8, 31.1, 70.8, 'AB-', 'NumeroSeguro178', 'UMF-178', NULL, NULL, 'EnfermedadesHereditarias178', 'Discapacidades178', 'DiagnosticoPiscopedagogico178' ),
('Matricula179', 100, 31.8, 100, 'B-', 'NumeroSeguro179', 'UMF-179', 'AlergiasDescripcion179', NULL, NULL, 'Discapacidades179', NULL ),
('Matricula180', 45.9, 25.2, 45.9, 'AB-', 'NumeroSeguro180', 'UMF-180', 'AlergiasDescripcion180', 'EnfermedadesCronicas180', NULL, NULL, NULL ),
('Matricula181', 94.1, 33.5, 94.1, 'AB+', 'NumeroSeguro181', 'UMF-181', NULL, NULL, NULL, 'Discapacidades181', 'DiagnosticoPiscopedagogico181' ),
('Matricula182', 81.4, 35.3, 81.4, 'B-', 'NumeroSeguro182', 'UMF-182', 'AlergiasDescripcion182', 'EnfermedadesCronicas182', 'EnfermedadesHereditarias182', 'Discapacidades182', NULL ),
('Matricula183', 35.5, 27.1, 35.5, 'A+', 'NumeroSeguro183', 'UMF-183', 'AlergiasDescripcion183', 'EnfermedadesCronicas183', 'EnfermedadesHereditarias183', NULL, 'DiagnosticoPiscopedagogico183' ),
('Matricula184', 34.6, 26.6, 34.6, 'A-', 'NumeroSeguro184', 'UMF-184', 'AlergiasDescripcion184', NULL, NULL, NULL, NULL ),
('Matricula185', 95.8, 22.1, 95.8, 'O+', 'NumeroSeguro185', 'UMF-185', NULL, NULL, NULL, 'Discapacidades185', 'DiagnosticoPiscopedagogico185' ),
('Matricula186', 40.7, 30.7, 40.7, 'O-', 'NumeroSeguro186', 'UMF-186', NULL, 'EnfermedadesCronicas186', NULL, NULL, NULL ),
('Matricula187', 32.3, 24.7, 32.3, 'AB-', 'NumeroSeguro187', 'UMF-187', 'AlergiasDescripcion187', 'EnfermedadesCronicas187', NULL, 'Discapacidades187', NULL ),
('Matricula188', 54.4, 37.6, 54.4, 'O-', 'NumeroSeguro188', 'UMF-188', 'AlergiasDescripcion188', 'EnfermedadesCronicas188', 'EnfermedadesHereditarias188', 'Discapacidades188', 'DiagnosticoPiscopedagogico188' ),
('Matricula189', 83.2, 36.4, 83.2, 'A+', 'NumeroSeguro189', 'UMF-189', NULL, NULL, NULL, NULL, 'DiagnosticoPiscopedagogico189' ),
('Matricula190', 46.9, 22.5, 46.9, 'O-', 'NumeroSeguro190', 'UMF-190', NULL, NULL, 'EnfermedadesHereditarias190', 'Discapacidades190', 'DiagnosticoPiscopedagogico190' ),
('Matricula191', 57.5, 36, 57.5, 'B+', 'NumeroSeguro191', 'UMF-191', 'AlergiasDescripcion191', NULL, NULL, 'Discapacidades191', NULL ),
('Matricula192', 53, 27.4, 53, 'AB+', 'NumeroSeguro192', 'UMF-192', 'AlergiasDescripcion192', 'EnfermedadesCronicas192', NULL, 'Discapacidades192', 'DiagnosticoPiscopedagogico192' ),
('Matricula193', 90.3, 37.6, 90.3, 'A+', 'NumeroSeguro193', 'UMF-193', NULL, NULL, NULL, NULL, NULL ),
('Matricula194', 92.5, 23.3, 92.5, 'A-', 'NumeroSeguro194', 'UMF-194', NULL, NULL, NULL, NULL, NULL ),
('Matricula195', 55, 26.8, 55, 'AB+', 'NumeroSeguro195', 'UMF-195', 'AlergiasDescripcion195', 'EnfermedadesCronicas195', NULL, 'Discapacidades195', 'DiagnosticoPiscopedagogico195' ),
('Matricula196', 71.1, 35.6, 71.1, 'A+', 'NumeroSeguro196', 'UMF-196', NULL, 'EnfermedadesCronicas196', NULL, NULL, NULL ),
('Matricula197', 39.1, 30.4, 39.1, 'B+', 'NumeroSeguro197', 'UMF-197', 'AlergiasDescripcion197', NULL, 'EnfermedadesHereditarias197', 'Discapacidades197', NULL ),
('Matricula198', 36.4, 35.1, 36.4, 'AB+', 'NumeroSeguro198', 'UMF-198', NULL, 'EnfermedadesCronicas198', 'EnfermedadesHereditarias198', 'Discapacidades198', 'DiagnosticoPiscopedagogico198' ),
('Matricula199', 63, 28, 63, 'O+', 'NumeroSeguro199', 'UMF-199', 'AlergiasDescripcion199', 'EnfermedadesCronicas199', 'EnfermedadesHereditarias199', NULL, 'DiagnosticoPiscopedagogico199' ),
('Matricula200', 86.1, 26.5, 86.1, 'B-', 'NumeroSeguro200', 'UMF-200', 'AlergiasDescripcion200', 'EnfermedadesCronicas200', NULL, NULL, 'DiagnosticoPiscopedagogico200' ),
('Matricula201', 48.9, 29.2, 48.9, 'AB+', 'NumeroSeguro201', 'UMF-201', NULL, 'EnfermedadesCronicas201', NULL, 'Discapacidades201', 'DiagnosticoPiscopedagogico201' ),
('Matricula202', 64, 26.5, 64, 'B-', 'NumeroSeguro202', 'UMF-202', NULL, 'EnfermedadesCronicas202', NULL, NULL, NULL ),
('Matricula203', 95.5, 35.1, 95.5, 'B-', 'NumeroSeguro203', 'UMF-203', NULL, NULL, NULL, NULL, NULL ),
('Matricula204', 59.2, 24.4, 59.2, 'A+', 'NumeroSeguro204', 'UMF-204', NULL, NULL, 'EnfermedadesHereditarias204', NULL, 'DiagnosticoPiscopedagogico204' ),
('Matricula205', 71.5, 33, 71.5, 'AB-', 'NumeroSeguro205', 'UMF-205', 'AlergiasDescripcion205', NULL, NULL, NULL, NULL ),
('Matricula206', 68.9, 38.5, 68.9, 'B+', 'NumeroSeguro206', 'UMF-206', NULL, 'EnfermedadesCronicas206', NULL, 'Discapacidades206', 'DiagnosticoPiscopedagogico206' ),
('Matricula207', 63.8, 34.2, 63.8, 'A+', 'NumeroSeguro207', 'UMF-207', 'AlergiasDescripcion207', NULL, NULL, 'Discapacidades207', NULL ),
('Matricula208', 35.3, 25.9, 35.3, 'AB-', 'NumeroSeguro208', 'UMF-208', NULL, 'EnfermedadesCronicas208', NULL, 'Discapacidades208', NULL ),
('Matricula209', 31.9, 26.8, 31.9, 'AB-', 'NumeroSeguro209', 'UMF-209', 'AlergiasDescripcion209', 'EnfermedadesCronicas209', NULL, 'Discapacidades209', 'DiagnosticoPiscopedagogico209' ),
('Matricula210', 81.2, 31.3, 81.2, 'A+', 'NumeroSeguro210', 'UMF-210', 'AlergiasDescripcion210', NULL, 'EnfermedadesHereditarias210', NULL, NULL ),
('Matricula211', 88.5, 38.6, 88.5, 'A-', 'NumeroSeguro211', 'UMF-211', 'AlergiasDescripcion211', 'EnfermedadesCronicas211', NULL, 'Discapacidades211', 'DiagnosticoPiscopedagogico211' ),
('Matricula212', 91, 24.7, 91, 'AB-', 'NumeroSeguro212', 'UMF-212', 'AlergiasDescripcion212', 'EnfermedadesCronicas212', NULL, NULL, NULL ),
('Matricula213', 96.5, 38.1, 96.5, 'O+', 'NumeroSeguro213', 'UMF-213', NULL, NULL, NULL, NULL, 'DiagnosticoPiscopedagogico213' ),
('Matricula214', 34.3, 27.8, 34.3, 'A-', 'NumeroSeguro214', 'UMF-214', 'AlergiasDescripcion214', NULL, 'EnfermedadesHereditarias214', 'Discapacidades214', NULL ),
('Matricula215', 79.5, 34.9, 79.5, 'B-', 'NumeroSeguro215', 'UMF-215', 'AlergiasDescripcion215', NULL, NULL, 'Discapacidades215', 'DiagnosticoPiscopedagogico215' ),
('Matricula216', 36.9, 28.2, 36.9, 'AB-', 'NumeroSeguro216', 'UMF-216', NULL, 'EnfermedadesCronicas216', NULL, NULL, NULL ),
('Matricula217', 73, 33.5, 73, 'B-', 'NumeroSeguro217', 'UMF-217', NULL, NULL, NULL, NULL, 'DiagnosticoPiscopedagogico217' ),
('Matricula218', 97, 22.2, 97, 'A-', 'NumeroSeguro218', 'UMF-218', NULL, 'EnfermedadesCronicas218', NULL, 'Discapacidades218', NULL ),
('Matricula219', 38.3, 21.8, 38.3, 'A-', 'NumeroSeguro219', 'UMF-219', 'AlergiasDescripcion219', NULL, NULL, NULL, NULL ),
('Matricula220', 78.6, 27.1, 78.6, 'A-', 'NumeroSeguro220', 'UMF-220', 'AlergiasDescripcion220', 'EnfermedadesCronicas220', NULL, 'Discapacidades220', NULL ),
('Matricula221', 60.7, 33.8, 60.7, 'B+', 'NumeroSeguro221', 'UMF-221', NULL, 'EnfermedadesCronicas221', NULL, 'Discapacidades221', 'DiagnosticoPiscopedagogico221' ),
('Matricula222', 82.6, 30.9, 82.6, 'B+', 'NumeroSeguro222', 'UMF-222', NULL, 'EnfermedadesCronicas222', NULL, NULL, NULL ),
('Matricula223', 84.6, 22.4, 84.6, 'AB-', 'NumeroSeguro223', 'UMF-223', 'AlergiasDescripcion223', NULL, NULL, 'Discapacidades223', 'DiagnosticoPiscopedagogico223' ),
('Matricula224', 36.1, 31.7, 36.1, 'AB+', 'NumeroSeguro224', 'UMF-224', 'AlergiasDescripcion224', 'EnfermedadesCronicas224', 'EnfermedadesHereditarias224', NULL, 'DiagnosticoPiscopedagogico224' ),
('Matricula225', 48.4, 31.4, 48.4, 'AB-', 'NumeroSeguro225', 'UMF-225', NULL, 'EnfermedadesCronicas225', NULL, NULL, NULL ),
('Matricula226', 43.9, 21.7, 43.9, 'AB+', 'NumeroSeguro226', 'UMF-226', 'AlergiasDescripcion226', 'EnfermedadesCronicas226', NULL, NULL, NULL ),
('Matricula227', 47.6, 38.3, 47.6, 'AB-', 'NumeroSeguro227', 'UMF-227', 'AlergiasDescripcion227', NULL, NULL, NULL, NULL ),
('Matricula228', 42.8, 31.3, 42.8, 'B-', 'NumeroSeguro228', 'UMF-228', NULL, 'EnfermedadesCronicas228', 'EnfermedadesHereditarias228', 'Discapacidades228', 'DiagnosticoPiscopedagogico228' ),
('Matricula229', 62.2, 23.2, 62.2, 'O-', 'NumeroSeguro229', 'UMF-229', 'AlergiasDescripcion229', 'EnfermedadesCronicas229', 'EnfermedadesHereditarias229', NULL, NULL ),
('Matricula230', 87.1, 35, 87.1, 'A-', 'NumeroSeguro230', 'UMF-230', NULL, NULL, 'EnfermedadesHereditarias230', NULL, 'DiagnosticoPiscopedagogico230' ),
('Matricula231', 38, 30.8, 38, 'A+', 'NumeroSeguro231', 'UMF-231', NULL, NULL, NULL, NULL, 'DiagnosticoPiscopedagogico231' ),
('Matricula232', 48, 32.3, 48, 'O+', 'NumeroSeguro232', 'UMF-232', 'AlergiasDescripcion232', 'EnfermedadesCronicas232', 'EnfermedadesHereditarias232', NULL, 'DiagnosticoPiscopedagogico232' ),
('Matricula233', 75.9, 28.6, 75.9, 'AB+', 'NumeroSeguro233', 'UMF-233', NULL, 'EnfermedadesCronicas233', 'EnfermedadesHereditarias233', 'Discapacidades233', NULL ),
('Matricula234', 43.7, 27.3, 43.7, 'B-', 'NumeroSeguro234', 'UMF-234', 'AlergiasDescripcion234', NULL, 'EnfermedadesHereditarias234', 'Discapacidades234', 'DiagnosticoPiscopedagogico234' ),
('Matricula235', 57.5, 29.6, 57.5, 'B+', 'NumeroSeguro235', 'UMF-235', NULL, NULL, 'EnfermedadesHereditarias235', 'Discapacidades235', 'DiagnosticoPiscopedagogico235' ),
('Matricula236', 64.2, 38.9, 64.2, 'O+', 'NumeroSeguro236', 'UMF-236', NULL, NULL, 'EnfermedadesHereditarias236', 'Discapacidades236', 'DiagnosticoPiscopedagogico236' ),
('Matricula237', 55.4, 34.9, 55.4, 'AB+', 'NumeroSeguro237', 'UMF-237', 'AlergiasDescripcion237', NULL, 'EnfermedadesHereditarias237', 'Discapacidades237', NULL ),
('Matricula238', 95.1, 32.1, 95.1, 'O+', 'NumeroSeguro238', 'UMF-238', 'AlergiasDescripcion238', NULL, 'EnfermedadesHereditarias238', 'Discapacidades238', 'DiagnosticoPiscopedagogico238' ),
('Matricula239', 76.2, 38.1, 76.2, 'AB+', 'NumeroSeguro239', 'UMF-239', NULL, NULL, NULL, 'Discapacidades239', 'DiagnosticoPiscopedagogico239' ),
('Matricula240', 62.9, 25.4, 62.9, 'O-', 'NumeroSeguro240', 'UMF-240', 'AlergiasDescripcion240', 'EnfermedadesCronicas240', NULL, NULL, 'DiagnosticoPiscopedagogico240' ),
('Matricula241', 33.4, 27.9, 33.4, 'A+', 'NumeroSeguro241', 'UMF-241', 'AlergiasDescripcion241', 'EnfermedadesCronicas241', NULL, NULL, 'DiagnosticoPiscopedagogico241' ),
('Matricula242', 57.6, 24.9, 57.6, 'AB-', 'NumeroSeguro242', 'UMF-242', 'AlergiasDescripcion242', NULL, 'EnfermedadesHereditarias242', NULL, NULL ),
('Matricula243', 56.8, 38.5, 56.8, 'B+', 'NumeroSeguro243', 'UMF-243', NULL, 'EnfermedadesCronicas243', NULL, NULL, 'DiagnosticoPiscopedagogico243' ),
('Matricula244', 45.9, 27.4, 45.9, 'B-', 'NumeroSeguro244', 'UMF-244', 'AlergiasDescripcion244', 'EnfermedadesCronicas244', NULL, NULL, 'DiagnosticoPiscopedagogico244' ),
('Matricula245', 86.6, 27.2, 86.6, 'A+', 'NumeroSeguro245', 'UMF-245', 'AlergiasDescripcion245', 'EnfermedadesCronicas245', 'EnfermedadesHereditarias245', 'Discapacidades245', NULL ),
('Matricula246', 68.4, 27.5, 68.4, 'O+', 'NumeroSeguro246', 'UMF-246', 'AlergiasDescripcion246', NULL, 'EnfermedadesHereditarias246', NULL, NULL ),
('Matricula247', 49.4, 25.7, 49.4, 'O-', 'NumeroSeguro247', 'UMF-247', 'AlergiasDescripcion247', 'EnfermedadesCronicas247', NULL, NULL, NULL ),
('Matricula248', 73.2, 30, 73.2, 'AB+', 'NumeroSeguro248', 'UMF-248', NULL, NULL, 'EnfermedadesHereditarias248', NULL, 'DiagnosticoPiscopedagogico248' ),
('Matricula249', 59.1, 28.7, 59.1, 'AB-', 'NumeroSeguro249', 'UMF-249', 'AlergiasDescripcion249', NULL, NULL, NULL, NULL ),
('Matricula250', 40.9, 30.6, 40.9, 'O-', 'NumeroSeguro250', 'UMF-250', NULL, NULL, 'EnfermedadesHereditarias250', 'Discapacidades250', NULL ),
('Matricula251', 98.5, 26.3, 98.5, 'AB-', 'NumeroSeguro251', 'UMF-251', NULL, 'EnfermedadesCronicas251', NULL, 'Discapacidades251', NULL ),
('Matricula252', 98.6, 29, 98.6, 'O+', 'NumeroSeguro252', 'UMF-252', 'AlergiasDescripcion252', 'EnfermedadesCronicas252', 'EnfermedadesHereditarias252', NULL, NULL ),
('Matricula253', 78.7, 21.5, 78.7, 'B+', 'NumeroSeguro253', 'UMF-253', NULL, NULL, NULL, 'Discapacidades253', 'DiagnosticoPiscopedagogico253' ),
('Matricula254', 75.4, 29.5, 75.4, 'AB+', 'NumeroSeguro254', 'UMF-254', 'AlergiasDescripcion254', NULL, NULL, NULL, NULL ),
('Matricula255', 90.5, 21.9, 90.5, 'A+', 'NumeroSeguro255', 'UMF-255', 'AlergiasDescripcion255', NULL, 'EnfermedadesHereditarias255', 'Discapacidades255', 'DiagnosticoPiscopedagogico255' ),
('Matricula256', 76.2, 34.7, 76.2, 'A-', 'NumeroSeguro256', 'UMF-256', 'AlergiasDescripcion256', NULL, NULL, 'Discapacidades256', 'DiagnosticoPiscopedagogico256' ),
('Matricula257', 89, 26.9, 89, 'B-', 'NumeroSeguro257', 'UMF-257', 'AlergiasDescripcion257', 'EnfermedadesCronicas257', NULL, NULL, NULL ),
('Matricula258', 33.8, 36.6, 33.8, 'A+', 'NumeroSeguro258', 'UMF-258', NULL, NULL, NULL, 'Discapacidades258', 'DiagnosticoPiscopedagogico258' ),
('Matricula259', 66.2, 24.4, 66.2, 'AB-', 'NumeroSeguro259', 'UMF-259', 'AlergiasDescripcion259', 'EnfermedadesCronicas259', NULL, 'Discapacidades259', NULL ),
('Matricula260', 53.4, 28.4, 53.4, 'B+', 'NumeroSeguro260', 'UMF-260', 'AlergiasDescripcion260', NULL, NULL, 'Discapacidades260', 'DiagnosticoPiscopedagogico260' ),
('Matricula261', 84.7, 23.3, 84.7, 'AB-', 'NumeroSeguro261', 'UMF-261', 'AlergiasDescripcion261', 'EnfermedadesCronicas261', 'EnfermedadesHereditarias261', NULL, NULL ),
('Matricula262', 94.7, 35.2, 94.7, 'O-', 'NumeroSeguro262', 'UMF-262', 'AlergiasDescripcion262', NULL, NULL, 'Discapacidades262', 'DiagnosticoPiscopedagogico262' ),
('Matricula263', 80.3, 29.1, 80.3, 'A+', 'NumeroSeguro263', 'UMF-263', NULL, 'EnfermedadesCronicas263', 'EnfermedadesHereditarias263', 'Discapacidades263', 'DiagnosticoPiscopedagogico263' ),
('Matricula264', 35.6, 33.2, 35.6, 'O+', 'NumeroSeguro264', 'UMF-264', 'AlergiasDescripcion264', NULL, 'EnfermedadesHereditarias264', NULL, NULL ),
('Matricula265', 47.3, 27.9, 47.3, 'O+', 'NumeroSeguro265', 'UMF-265', NULL, 'EnfermedadesCronicas265', 'EnfermedadesHereditarias265', NULL, NULL ),
('Matricula266', 57.2, 24.3, 57.2, 'O-', 'NumeroSeguro266', 'UMF-266', NULL, 'EnfermedadesCronicas266', 'EnfermedadesHereditarias266', 'Discapacidades266', 'DiagnosticoPiscopedagogico266' ),
('Matricula267', 42.3, 31.1, 42.3, 'B-', 'NumeroSeguro267', 'UMF-267', NULL, 'EnfermedadesCronicas267', 'EnfermedadesHereditarias267', NULL, 'DiagnosticoPiscopedagogico267' ),
('Matricula268', 42.1, 29.9, 42.1, 'AB+', 'NumeroSeguro268', 'UMF-268', NULL, 'EnfermedadesCronicas268', 'EnfermedadesHereditarias268', NULL, NULL ),
('Matricula269', 51.6, 31.6, 51.6, 'A-', 'NumeroSeguro269', 'UMF-269', 'AlergiasDescripcion269', NULL, NULL, NULL, NULL ),
('Matricula270', 36.5, 34, 36.5, 'B+', 'NumeroSeguro270', 'UMF-270', NULL, 'EnfermedadesCronicas270', 'EnfermedadesHereditarias270', 'Discapacidades270', NULL ),
('Matricula271', 100.3, 23.4, 100.3, 'O-', 'NumeroSeguro271', 'UMF-271', NULL, NULL, 'EnfermedadesHereditarias271', NULL, NULL ),
('Matricula272', 58.3, 33, 58.3, 'A+', 'NumeroSeguro272', 'UMF-272', NULL, NULL, 'EnfermedadesHereditarias272', NULL, NULL ),
('Matricula273', 32, 29, 32, 'B+', 'NumeroSeguro273', 'UMF-273', 'AlergiasDescripcion273', NULL, 'EnfermedadesHereditarias273', 'Discapacidades273', 'DiagnosticoPiscopedagogico273' ),
('Matricula274', 48.5, 32.9, 48.5, 'AB-', 'NumeroSeguro274', 'UMF-274', 'AlergiasDescripcion274', 'EnfermedadesCronicas274', 'EnfermedadesHereditarias274', 'Discapacidades274', 'DiagnosticoPiscopedagogico274' ),
('Matricula275', 34.9, 32.5, 34.9, 'AB-', 'NumeroSeguro275', 'UMF-275', 'AlergiasDescripcion275', 'EnfermedadesCronicas275', NULL, NULL, 'DiagnosticoPiscopedagogico275' ),
('Matricula276', 74.1, 21.8, 74.1, 'A-', 'NumeroSeguro276', 'UMF-276', NULL, NULL, 'EnfermedadesHereditarias276', NULL, 'DiagnosticoPiscopedagogico276' ),
('Matricula277', 45.9, 34.8, 45.9, 'A-', 'NumeroSeguro277', 'UMF-277', NULL, 'EnfermedadesCronicas277', NULL, 'Discapacidades277', 'DiagnosticoPiscopedagogico277' ),
('Matricula278', 44.1, 22.7, 44.1, 'O-', 'NumeroSeguro278', 'UMF-278', NULL, 'EnfermedadesCronicas278', 'EnfermedadesHereditarias278', 'Discapacidades278', 'DiagnosticoPiscopedagogico278' ),
('Matricula279', 71.8, 34.7, 71.8, 'O-', 'NumeroSeguro279', 'UMF-279', NULL, 'EnfermedadesCronicas279', 'EnfermedadesHereditarias279', NULL, 'DiagnosticoPiscopedagogico279' ),
('Matricula280', 82, 26, 82, 'A-', 'NumeroSeguro280', 'UMF-280', NULL, 'EnfermedadesCronicas280', 'EnfermedadesHereditarias280', NULL, 'DiagnosticoPiscopedagogico280' ),
('Matricula281', 53, 30.3, 53, 'AB-', 'NumeroSeguro281', 'UMF-281', NULL, NULL, NULL, 'Discapacidades281', NULL ),
('Matricula282', 91.9, 30.7, 91.9, 'A+', 'NumeroSeguro282', 'UMF-282', NULL, 'EnfermedadesCronicas282', NULL, 'Discapacidades282', NULL ),
('Matricula283', 78.2, 30.7, 78.2, 'AB+', 'NumeroSeguro283', 'UMF-283', NULL, NULL, 'EnfermedadesHereditarias283', 'Discapacidades283', NULL ),
('Matricula284', 32.7, 35.3, 32.7, 'A+', 'NumeroSeguro284', 'UMF-284', 'AlergiasDescripcion284', 'EnfermedadesCronicas284', NULL, 'Discapacidades284', 'DiagnosticoPiscopedagogico284' ),
('Matricula285', 92.2, 33.6, 92.2, 'A+', 'NumeroSeguro285', 'UMF-285', 'AlergiasDescripcion285', NULL, 'EnfermedadesHereditarias285', NULL, NULL ),
('Matricula286', 35.5, 37.4, 35.5, 'B+', 'NumeroSeguro286', 'UMF-286', NULL, NULL, 'EnfermedadesHereditarias286', NULL, 'DiagnosticoPiscopedagogico286' ),
('Matricula287', 70.1, 21.4, 70.1, 'B+', 'NumeroSeguro287', 'UMF-287', 'AlergiasDescripcion287', NULL, NULL, 'Discapacidades287', NULL ),
('Matricula288', 89.2, 28.8, 89.2, 'O-', 'NumeroSeguro288', 'UMF-288', NULL, NULL, NULL, 'Discapacidades288', 'DiagnosticoPiscopedagogico288' ),
('Matricula289', 63, 30.5, 63, 'B+', 'NumeroSeguro289', 'UMF-289', NULL, NULL, NULL, NULL, 'DiagnosticoPiscopedagogico289' ),
('Matricula290', 65.3, 23.6, 65.3, 'O+', 'NumeroSeguro290', 'UMF-290', 'AlergiasDescripcion290', NULL, 'EnfermedadesHereditarias290', 'Discapacidades290', NULL ),
('Matricula291', 37.3, 21.3, 37.3, 'O-', 'NumeroSeguro291', 'UMF-291', 'AlergiasDescripcion291', 'EnfermedadesCronicas291', NULL, 'Discapacidades291', 'DiagnosticoPiscopedagogico291' ),
('Matricula292', 32.9, 35.2, 32.9, 'O-', 'NumeroSeguro292', 'UMF-292', 'AlergiasDescripcion292', 'EnfermedadesCronicas292', NULL, NULL, 'DiagnosticoPiscopedagogico292' ),
('Matricula293', 53.6, 38.9, 53.6, 'B-', 'NumeroSeguro293', 'UMF-293', 'AlergiasDescripcion293', 'EnfermedadesCronicas293', 'EnfermedadesHereditarias293', NULL, NULL ),
('Matricula294', 46.8, 33.8, 46.8, 'AB-', 'NumeroSeguro294', 'UMF-294', 'AlergiasDescripcion294', NULL, NULL, 'Discapacidades294', 'DiagnosticoPiscopedagogico294' ),
('Matricula295', 84.2, 22.8, 84.2, 'B-', 'NumeroSeguro295', 'UMF-295', NULL, 'EnfermedadesCronicas295', NULL, NULL, NULL ),
('Matricula296', 42.2, 35.8, 42.2, 'AB-', 'NumeroSeguro296', 'UMF-296', 'AlergiasDescripcion296', 'EnfermedadesCronicas296', 'EnfermedadesHereditarias296', 'Discapacidades296', 'DiagnosticoPiscopedagogico296' ),
('Matricula297', 91.6, 27.2, 91.6, 'B+', 'NumeroSeguro297', 'UMF-297', NULL, NULL, NULL, NULL, NULL ),
('Matricula298', 79.1, 24.1, 79.1, 'AB-', 'NumeroSeguro298', 'UMF-298', NULL, 'EnfermedadesCronicas298', 'EnfermedadesHereditarias298', 'Discapacidades298', 'DiagnosticoPiscopedagogico298' ),
('Matricula299', 72.2, 29.2, 72.2, 'B+', 'NumeroSeguro299', 'UMF-299', 'AlergiasDescripcion299', 'EnfermedadesCronicas299', NULL, 'Discapacidades299', NULL ),
('Matricula300', 57.8, 28.6, 57.8, 'AB-', 'NumeroSeguro300', 'UMF-300', NULL, 'EnfermedadesCronicas300', 'EnfermedadesHereditarias300', 'Discapacidades300', 'DiagnosticoPiscopedagogico300' ),
('Matricula301', 58.7, 34.8, 58.7, 'AB-', 'NumeroSeguro301', 'UMF-301', NULL, NULL, NULL, 'Discapacidades301', NULL ),
('Matricula302', 87.4, 27.5, 87.4, 'O-', 'NumeroSeguro302', 'UMF-302', 'AlergiasDescripcion302', 'EnfermedadesCronicas302', 'EnfermedadesHereditarias302', NULL, 'DiagnosticoPiscopedagogico302' ),
('Matricula303', 38.8, 30.2, 38.8, 'O-', 'NumeroSeguro303', 'UMF-303', NULL, 'EnfermedadesCronicas303', NULL, NULL, 'DiagnosticoPiscopedagogico303' ),
('Matricula304', 81, 21.9, 81, 'B-', 'NumeroSeguro304', 'UMF-304', 'AlergiasDescripcion304', NULL, 'EnfermedadesHereditarias304', NULL, 'DiagnosticoPiscopedagogico304' ),
('Matricula305', 33.5, 35.7, 33.5, 'B+', 'NumeroSeguro305', 'UMF-305', 'AlergiasDescripcion305', NULL, 'EnfermedadesHereditarias305', NULL, NULL ),
('Matricula306', 98.4, 22.6, 98.4, 'AB+', 'NumeroSeguro306', 'UMF-306', 'AlergiasDescripcion306', 'EnfermedadesCronicas306', 'EnfermedadesHereditarias306', 'Discapacidades306', NULL ),
('Matricula307', 96, 21.1, 96, 'AB+', 'NumeroSeguro307', 'UMF-307', 'AlergiasDescripcion307', 'EnfermedadesCronicas307', NULL, NULL, NULL ),
('Matricula308', 37.1, 24.1, 37.1, 'B-', 'NumeroSeguro308', 'UMF-308', NULL, 'EnfermedadesCronicas308', NULL, 'Discapacidades308', 'DiagnosticoPiscopedagogico308' ),
('Matricula309', 77.5, 26, 77.5, 'AB+', 'NumeroSeguro309', 'UMF-309', NULL, NULL, NULL, 'Discapacidades309', 'DiagnosticoPiscopedagogico309' ),
('Matricula310', 91.5, 26.6, 91.5, 'AB+', 'NumeroSeguro310', 'UMF-310', 'AlergiasDescripcion310', NULL, 'EnfermedadesHereditarias310', NULL, NULL ),
('Matricula311', 87.1, 25.4, 87.1, 'A+', 'NumeroSeguro311', 'UMF-311', NULL, NULL, 'EnfermedadesHereditarias311', 'Discapacidades311', 'DiagnosticoPiscopedagogico311' ),
('Matricula312', 54.2, 24.2, 54.2, 'O+', 'NumeroSeguro312', 'UMF-312', NULL, NULL, 'EnfermedadesHereditarias312', 'Discapacidades312', 'DiagnosticoPiscopedagogico312' ),
('Matricula313', 100.1, 25.6, 100.1, 'B-', 'NumeroSeguro313', 'UMF-313', 'AlergiasDescripcion313', 'EnfermedadesCronicas313', NULL, NULL, NULL ),
('Matricula314', 71.4, 30, 71.4, 'AB+', 'NumeroSeguro314', 'UMF-314', 'AlergiasDescripcion314', NULL, NULL, 'Discapacidades314', 'DiagnosticoPiscopedagogico314' ),
('Matricula315', 56.3, 36.2, 56.3, 'B-', 'NumeroSeguro315', 'UMF-315', 'AlergiasDescripcion315', 'EnfermedadesCronicas315', NULL, NULL, 'DiagnosticoPiscopedagogico315' ),
('Matricula316', 95.6, 24.9, 95.6, 'B-', 'NumeroSeguro316', 'UMF-316', NULL, 'EnfermedadesCronicas316', 'EnfermedadesHereditarias316', NULL, NULL ),
('Matricula317', 45.3, 35.5, 45.3, 'O+', 'NumeroSeguro317', 'UMF-317', 'AlergiasDescripcion317', 'EnfermedadesCronicas317', NULL, 'Discapacidades317', NULL ),
('Matricula318', 41.3, 35.3, 41.3, 'B-', 'NumeroSeguro318', 'UMF-318', 'AlergiasDescripcion318', 'EnfermedadesCronicas318', 'EnfermedadesHereditarias318', NULL, 'DiagnosticoPiscopedagogico318' ),
('Matricula319', 40.6, 23, 40.6, 'O+', 'NumeroSeguro319', 'UMF-319', 'AlergiasDescripcion319', NULL, NULL, 'Discapacidades319', 'DiagnosticoPiscopedagogico319' ),
('Matricula320', 67.5, 36.3, 67.5, 'O-', 'NumeroSeguro320', 'UMF-320', 'AlergiasDescripcion320', 'EnfermedadesCronicas320', 'EnfermedadesHereditarias320', 'Discapacidades320', 'DiagnosticoPiscopedagogico320' ),
('Matricula321', 78.9, 21.4, 78.9, 'AB-', 'NumeroSeguro321', 'UMF-321', NULL, NULL, NULL, 'Discapacidades321', 'DiagnosticoPiscopedagogico321' ),
('Matricula322', 69.1, 28.2, 69.1, 'B-', 'NumeroSeguro322', 'UMF-322', NULL, NULL, 'EnfermedadesHereditarias322', NULL, NULL ),
('Matricula323', 77.9, 32.2, 77.9, 'A-', 'NumeroSeguro323', 'UMF-323', NULL, 'EnfermedadesCronicas323', NULL, 'Discapacidades323', 'DiagnosticoPiscopedagogico323' ),
('Matricula324', 47.3, 27.5, 47.3, 'AB+', 'NumeroSeguro324', 'UMF-324', 'AlergiasDescripcion324', 'EnfermedadesCronicas324', 'EnfermedadesHereditarias324', 'Discapacidades324', 'DiagnosticoPiscopedagogico324' ),
('Matricula325', 67.9, 31.3, 67.9, 'B-', 'NumeroSeguro325', 'UMF-325', NULL, 'EnfermedadesCronicas325', 'EnfermedadesHereditarias325', NULL, 'DiagnosticoPiscopedagogico325' ),
('Matricula326', 89.3, 35.4, 89.3, 'B+', 'NumeroSeguro326', 'UMF-326', NULL, 'EnfermedadesCronicas326', 'EnfermedadesHereditarias326', NULL, NULL ),
('Matricula327', 32.8, 35.6, 32.8, 'O+', 'NumeroSeguro327', 'UMF-327', NULL, NULL, 'EnfermedadesHereditarias327', NULL, NULL ),
('Matricula328', 50.3, 21.5, 50.3, 'AB-', 'NumeroSeguro328', 'UMF-328', NULL, 'EnfermedadesCronicas328', NULL, 'Discapacidades328', NULL ),
('Matricula329', 80.4, 27.9, 80.4, 'A-', 'NumeroSeguro329', 'UMF-329', 'AlergiasDescripcion329', NULL, 'EnfermedadesHereditarias329', 'Discapacidades329', NULL ),
('Matricula330', 38.7, 31.9, 38.7, 'AB-', 'NumeroSeguro330', 'UMF-330', 'AlergiasDescripcion330', 'EnfermedadesCronicas330', NULL, 'Discapacidades330', NULL ),
('Matricula331', 87.3, 30.5, 87.3, 'B-', 'NumeroSeguro331', 'UMF-331', NULL, NULL, NULL, NULL, NULL ),
('Matricula332', 75.8, 34.9, 75.8, 'AB+', 'NumeroSeguro332', 'UMF-332', 'AlergiasDescripcion332', 'EnfermedadesCronicas332', NULL, NULL, NULL ),
('Matricula333', 62.5, 30.2, 62.5, 'A+', 'NumeroSeguro333', 'UMF-333', 'AlergiasDescripcion333', 'EnfermedadesCronicas333', 'EnfermedadesHereditarias333', 'Discapacidades333', 'DiagnosticoPiscopedagogico333' ),
('Matricula334', 56.7, 27.5, 56.7, 'B-', 'NumeroSeguro334', 'UMF-334', NULL, 'EnfermedadesCronicas334', 'EnfermedadesHereditarias334', 'Discapacidades334', 'DiagnosticoPiscopedagogico334' ),
('Matricula335', 48.8, 36.7, 48.8, 'O-', 'NumeroSeguro335', 'UMF-335', 'AlergiasDescripcion335', 'EnfermedadesCronicas335', 'EnfermedadesHereditarias335', 'Discapacidades335', 'DiagnosticoPiscopedagogico335' ),
('Matricula336', 85.3, 34.8, 85.3, 'B+', 'NumeroSeguro336', 'UMF-336', 'AlergiasDescripcion336', 'EnfermedadesCronicas336', 'EnfermedadesHereditarias336', NULL, 'DiagnosticoPiscopedagogico336' ),
('Matricula337', 94.3, 38.2, 94.3, 'A-', 'NumeroSeguro337', 'UMF-337', 'AlergiasDescripcion337', 'EnfermedadesCronicas337', 'EnfermedadesHereditarias337', 'Discapacidades337', NULL ),
('Matricula338', 63.1, 28.3, 63.1, 'B+', 'NumeroSeguro338', 'UMF-338', NULL, NULL, NULL, NULL, 'DiagnosticoPiscopedagogico338' ),
('Matricula339', 96.5, 21.7, 96.5, 'AB-', 'NumeroSeguro339', 'UMF-339', NULL, 'EnfermedadesCronicas339', 'EnfermedadesHereditarias339', NULL, 'DiagnosticoPiscopedagogico339' ),
('Matricula340', 95.7, 25.5, 95.7, 'B-', 'NumeroSeguro340', 'UMF-340', NULL, 'EnfermedadesCronicas340', NULL, NULL, 'DiagnosticoPiscopedagogico340' ),
('Matricula341', 75.9, 29.7, 75.9, 'A+', 'NumeroSeguro341', 'UMF-341', NULL, NULL, NULL, NULL, NULL ),
('Matricula342', 35.5, 33.9, 35.5, 'B-', 'NumeroSeguro342', 'UMF-342', 'AlergiasDescripcion342', 'EnfermedadesCronicas342', 'EnfermedadesHereditarias342', 'Discapacidades342', NULL ),
('Matricula343', 91.1, 29.5, 91.1, 'O-', 'NumeroSeguro343', 'UMF-343', 'AlergiasDescripcion343', 'EnfermedadesCronicas343', 'EnfermedadesHereditarias343', NULL, NULL ),
('Matricula344', 57, 21.3, 57, 'O+', 'NumeroSeguro344', 'UMF-344', NULL, 'EnfermedadesCronicas344', 'EnfermedadesHereditarias344', NULL, 'DiagnosticoPiscopedagogico344' ),
('Matricula345', 100.9, 25.6, 100.9, 'A-', 'NumeroSeguro345', 'UMF-345', NULL, NULL, NULL, 'Discapacidades345', NULL ),
('Matricula346', 65.9, 30.9, 65.9, 'A+', 'NumeroSeguro346', 'UMF-346', NULL, 'EnfermedadesCronicas346', NULL, NULL, 'DiagnosticoPiscopedagogico346' ),
('Matricula347', 43.8, 21.9, 43.8, 'A+', 'NumeroSeguro347', 'UMF-347', 'AlergiasDescripcion347', NULL, NULL, NULL, 'DiagnosticoPiscopedagogico347' ),
('Matricula348', 68.8, 36.8, 68.8, 'A+', 'NumeroSeguro348', 'UMF-348', NULL, 'EnfermedadesCronicas348', 'EnfermedadesHereditarias348', NULL, NULL ),
('Matricula349', 75.7, 35.7, 75.7, 'B-', 'NumeroSeguro349', 'UMF-349', NULL, NULL, NULL, 'Discapacidades349', 'DiagnosticoPiscopedagogico349' ),
('Matricula350', 44.8, 25.3, 44.8, 'O+', 'NumeroSeguro350', 'UMF-350', NULL, NULL, 'EnfermedadesHereditarias350', NULL, 'DiagnosticoPiscopedagogico350' ),
('Matricula351', 91.1, 27.8, 91.1, 'B+', 'NumeroSeguro351', 'UMF-351', NULL, NULL, 'EnfermedadesHereditarias351', NULL, 'DiagnosticoPiscopedagogico351' ),
('Matricula352', 56.6, 33.7, 56.6, 'O+', 'NumeroSeguro352', 'UMF-352', 'AlergiasDescripcion352', NULL, 'EnfermedadesHereditarias352', NULL, NULL ),
('Matricula353', 42, 21.8, 42, 'B+', 'NumeroSeguro353', 'UMF-353', NULL, NULL, NULL, NULL, NULL ),
('Matricula354', 89, 30.3, 89, 'O+', 'NumeroSeguro354', 'UMF-354', NULL, 'EnfermedadesCronicas354', 'EnfermedadesHereditarias354', NULL, NULL ),
('Matricula355', 40.1, 36.1, 40.1, 'O-', 'NumeroSeguro355', 'UMF-355', 'AlergiasDescripcion355', NULL, NULL, 'Discapacidades355', 'DiagnosticoPiscopedagogico355' ),
('Matricula356', 79.1, 37, 79.1, 'O+', 'NumeroSeguro356', 'UMF-356', 'AlergiasDescripcion356', NULL, NULL, NULL, NULL ),
('Matricula357', 81.9, 27.4, 81.9, 'AB+', 'NumeroSeguro357', 'UMF-357', NULL, 'EnfermedadesCronicas357', NULL, 'Discapacidades357', NULL ),
('Matricula358', 34.5, 26.8, 34.5, 'AB-', 'NumeroSeguro358', 'UMF-358', 'AlergiasDescripcion358', 'EnfermedadesCronicas358', 'EnfermedadesHereditarias358', 'Discapacidades358', NULL ),
('Matricula359', 92.1, 26.5, 92.1, 'AB-', 'NumeroSeguro359', 'UMF-359', 'AlergiasDescripcion359', 'EnfermedadesCronicas359', 'EnfermedadesHereditarias359', NULL, 'DiagnosticoPiscopedagogico359' ),
('Matricula360', 89, 34.7, 89, 'B+', 'NumeroSeguro360', 'UMF-360', 'AlergiasDescripcion360', 'EnfermedadesCronicas360', NULL, NULL, NULL ),
('Matricula361', 91.7, 34.5, 91.7, 'AB+', 'NumeroSeguro361', 'UMF-361', NULL, NULL, 'EnfermedadesHereditarias361', 'Discapacidades361', 'DiagnosticoPiscopedagogico361' ),
('Matricula362', 48.1, 34.4, 48.1, 'AB-', 'NumeroSeguro362', 'UMF-362', 'AlergiasDescripcion362', 'EnfermedadesCronicas362', NULL, NULL, 'DiagnosticoPiscopedagogico362' ),
('Matricula363', 65.5, 22.4, 65.5, 'AB+', 'NumeroSeguro363', 'UMF-363', NULL, 'EnfermedadesCronicas363', 'EnfermedadesHereditarias363', NULL, NULL ),
('Matricula364', 75.6, 36, 75.6, 'B-', 'NumeroSeguro364', 'UMF-364', 'AlergiasDescripcion364', 'EnfermedadesCronicas364', 'EnfermedadesHereditarias364', 'Discapacidades364', NULL ),
('Matricula365', 48.2, 34, 48.2, 'B-', 'NumeroSeguro365', 'UMF-365', NULL, 'EnfermedadesCronicas365', 'EnfermedadesHereditarias365', NULL, 'DiagnosticoPiscopedagogico365' ),
('Matricula366', 38.4, 21.4, 38.4, 'B-', 'NumeroSeguro366', 'UMF-366', NULL, NULL, NULL, 'Discapacidades366', 'DiagnosticoPiscopedagogico366' ),
('Matricula367', 36.4, 28.5, 36.4, 'AB-', 'NumeroSeguro367', 'UMF-367', 'AlergiasDescripcion367', 'EnfermedadesCronicas367', NULL, NULL, 'DiagnosticoPiscopedagogico367' ),
('Matricula368', 32.3, 21.7, 32.3, 'A+', 'NumeroSeguro368', 'UMF-368', 'AlergiasDescripcion368', NULL, NULL, 'Discapacidades368', NULL ),
('Matricula369', 61.8, 36.7, 61.8, 'A+', 'NumeroSeguro369', 'UMF-369', 'AlergiasDescripcion369', 'EnfermedadesCronicas369', 'EnfermedadesHereditarias369', 'Discapacidades369', 'DiagnosticoPiscopedagogico369' ),
('Matricula370', 55.8, 29.9, 55.8, 'O+', 'NumeroSeguro370', 'UMF-370', 'AlergiasDescripcion370', 'EnfermedadesCronicas370', NULL, 'Discapacidades370', 'DiagnosticoPiscopedagogico370' ),
('Matricula371', 67.2, 34.3, 67.2, 'O+', 'NumeroSeguro371', 'UMF-371', NULL, NULL, 'EnfermedadesHereditarias371', 'Discapacidades371', NULL ),
('Matricula372', 90.2, 22.8, 90.2, 'AB-', 'NumeroSeguro372', 'UMF-372', NULL, NULL, NULL, 'Discapacidades372', NULL ),
('Matricula373', 94, 24.3, 94, 'O-', 'NumeroSeguro373', 'UMF-373', 'AlergiasDescripcion373', 'EnfermedadesCronicas373', NULL, 'Discapacidades373', NULL ),
('Matricula374', 97.5, 29.4, 97.5, 'B-', 'NumeroSeguro374', 'UMF-374', 'AlergiasDescripcion374', NULL, NULL, 'Discapacidades374', 'DiagnosticoPiscopedagogico374' ),
('Matricula375', 46.8, 24.2, 46.8, 'B+', 'NumeroSeguro375', 'UMF-375', NULL, 'EnfermedadesCronicas375', NULL, NULL, 'DiagnosticoPiscopedagogico375' ),
('Matricula376', 49.5, 34.4, 49.5, 'AB+', 'NumeroSeguro376', 'UMF-376', 'AlergiasDescripcion376', 'EnfermedadesCronicas376', NULL, NULL, NULL ),
('Matricula377', 75.9, 34.3, 75.9, 'O-', 'NumeroSeguro377', 'UMF-377', NULL, 'EnfermedadesCronicas377', NULL, NULL, 'DiagnosticoPiscopedagogico377' ),
('Matricula378', 90.5, 30.1, 90.5, 'B-', 'NumeroSeguro378', 'UMF-378', NULL, NULL, NULL, NULL, NULL ),
('Matricula379', 88, 37.7, 88, 'O+', 'NumeroSeguro379', 'UMF-379', 'AlergiasDescripcion379', NULL, 'EnfermedadesHereditarias379', NULL, 'DiagnosticoPiscopedagogico379' ),
('Matricula380', 83.1, 28.8, 83.1, 'B-', 'NumeroSeguro380', 'UMF-380', NULL, 'EnfermedadesCronicas380', NULL, 'Discapacidades380', 'DiagnosticoPiscopedagogico380' ),
('Matricula381', 85.5, 30.8, 85.5, 'A-', 'NumeroSeguro381', 'UMF-381', NULL, 'EnfermedadesCronicas381', NULL, 'Discapacidades381', NULL ),
('Matricula382', 47.8, 26.4, 47.8, 'B+', 'NumeroSeguro382', 'UMF-382', NULL, NULL, 'EnfermedadesHereditarias382', NULL, NULL ),
('Matricula383', 44.5, 32.6, 44.5, 'A-', 'NumeroSeguro383', 'UMF-383', 'AlergiasDescripcion383', 'EnfermedadesCronicas383', NULL, 'Discapacidades383', 'DiagnosticoPiscopedagogico383' ),
('Matricula384', 43.2, 36.4, 43.2, 'AB+', 'NumeroSeguro384', 'UMF-384', 'AlergiasDescripcion384', NULL, NULL, 'Discapacidades384', 'DiagnosticoPiscopedagogico384' ),
('Matricula385', 82, 21.4, 82, 'AB+', 'NumeroSeguro385', 'UMF-385', 'AlergiasDescripcion385', NULL, NULL, 'Discapacidades385', 'DiagnosticoPiscopedagogico385' ),
('Matricula386', 77.9, 38.7, 77.9, 'O-', 'NumeroSeguro386', 'UMF-386', NULL, NULL, 'EnfermedadesHereditarias386', NULL, NULL ),
('Matricula387', 96.4, 35.6, 96.4, 'O+', 'NumeroSeguro387', 'UMF-387', NULL, 'EnfermedadesCronicas387', NULL, NULL, NULL ),
('Matricula388', 54.8, 33.8, 54.8, 'AB-', 'NumeroSeguro388', 'UMF-388', 'AlergiasDescripcion388', NULL, NULL, 'Discapacidades388', 'DiagnosticoPiscopedagogico388' ),
('Matricula389', 35.1, 32.3, 35.1, 'A+', 'NumeroSeguro389', 'UMF-389', NULL, 'EnfermedadesCronicas389', 'EnfermedadesHereditarias389', NULL, 'DiagnosticoPiscopedagogico389' ),
('Matricula390', 70.6, 37.1, 70.6, 'AB+', 'NumeroSeguro390', 'UMF-390', 'AlergiasDescripcion390', NULL, 'EnfermedadesHereditarias390', 'Discapacidades390', 'DiagnosticoPiscopedagogico390' ),
('Matricula391', 81.9, 35.5, 81.9, 'AB-', 'NumeroSeguro391', 'UMF-391', 'AlergiasDescripcion391', NULL, NULL, 'Discapacidades391', 'DiagnosticoPiscopedagogico391' ),
('Matricula392', 51.4, 24.5, 51.4, 'O+', 'NumeroSeguro392', 'UMF-392', 'AlergiasDescripcion392', NULL, 'EnfermedadesHereditarias392', NULL, 'DiagnosticoPiscopedagogico392' ),
('Matricula393', 71, 28.4, 71, 'B+', 'NumeroSeguro393', 'UMF-393', 'AlergiasDescripcion393', NULL, 'EnfermedadesHereditarias393', NULL, 'DiagnosticoPiscopedagogico393' ),
('Matricula394', 40.9, 38.5, 40.9, 'B-', 'NumeroSeguro394', 'UMF-394', NULL, 'EnfermedadesCronicas394', 'EnfermedadesHereditarias394', 'Discapacidades394', NULL ),
('Matricula395', 95.7, 36.1, 95.7, 'A-', 'NumeroSeguro395', 'UMF-395', 'AlergiasDescripcion395', 'EnfermedadesCronicas395', NULL, 'Discapacidades395', 'DiagnosticoPiscopedagogico395' ),
('Matricula396', 44.2, 23.4, 44.2, 'AB-', 'NumeroSeguro396', 'UMF-396', NULL, NULL, 'EnfermedadesHereditarias396', NULL, NULL ),
('Matricula397', 73.6, 34.7, 73.6, 'A+', 'NumeroSeguro397', 'UMF-397', 'AlergiasDescripcion397', 'EnfermedadesCronicas397', 'EnfermedadesHereditarias397', 'Discapacidades397', NULL ),
('Matricula398', 88.3, 30.5, 88.3, 'A+', 'NumeroSeguro398', 'UMF-398', 'AlergiasDescripcion398', 'EnfermedadesCronicas398', 'EnfermedadesHereditarias398', NULL, 'DiagnosticoPiscopedagogico398' ),
('Matricula399', 88.9, 37, 88.9, 'AB-', 'NumeroSeguro399', 'UMF-399', 'AlergiasDescripcion399', NULL, 'EnfermedadesHereditarias399', NULL, NULL ),
('Matricula400', 98.8, 27.6, 98.8, 'A+', 'NumeroSeguro400', 'UMF-400', 'AlergiasDescripcion400', 'EnfermedadesCronicas400', NULL, NULL, NULL ),
('Matricula401', 80.5, 34.1, 80.5, 'O-', 'NumeroSeguro401', 'UMF-401', NULL, 'EnfermedadesCronicas401', NULL, NULL, NULL ),
('Matricula402', 88.4, 35, 88.4, 'O-', 'NumeroSeguro402', 'UMF-402', NULL, NULL, NULL, NULL, NULL ),
('Matricula403', 91.1, 27.6, 91.1, 'A-', 'NumeroSeguro403', 'UMF-403', NULL, NULL, 'EnfermedadesHereditarias403', 'Discapacidades403', 'DiagnosticoPiscopedagogico403' ),
('Matricula404', 82.9, 21.1, 82.9, 'A-', 'NumeroSeguro404', 'UMF-404', 'AlergiasDescripcion404', 'EnfermedadesCronicas404', 'EnfermedadesHereditarias404', NULL, NULL ),
('Matricula405', 39.9, 32.1, 39.9, 'A-', 'NumeroSeguro405', 'UMF-405', 'AlergiasDescripcion405', 'EnfermedadesCronicas405', NULL, NULL, NULL ),
('Matricula406', 100.3, 26.2, 100.3, 'B-', 'NumeroSeguro406', 'UMF-406', NULL, NULL, 'EnfermedadesHereditarias406', 'Discapacidades406', NULL ),
('Matricula407', 57.3, 23.5, 57.3, 'B-', 'NumeroSeguro407', 'UMF-407', NULL, 'EnfermedadesCronicas407', NULL, NULL, NULL ),
('Matricula408', 42, 33.6, 42, 'B+', 'NumeroSeguro408', 'UMF-408', 'AlergiasDescripcion408', NULL, 'EnfermedadesHereditarias408', 'Discapacidades408', 'DiagnosticoPiscopedagogico408' ),
('Matricula409', 95.2, 27.9, 95.2, 'AB-', 'NumeroSeguro409', 'UMF-409', 'AlergiasDescripcion409', NULL, 'EnfermedadesHereditarias409', NULL, 'DiagnosticoPiscopedagogico409' ),
('Matricula410', 32.6, 29.1, 32.6, 'AB+', 'NumeroSeguro410', 'UMF-410', NULL, NULL, NULL, NULL, NULL ),
('Matricula411', 81.3, 21.6, 81.3, 'B-', 'NumeroSeguro411', 'UMF-411', 'AlergiasDescripcion411', 'EnfermedadesCronicas411', NULL, NULL, NULL ),
('Matricula412', 49.2, 26.5, 49.2, 'O-', 'NumeroSeguro412', 'UMF-412', 'AlergiasDescripcion412', NULL, NULL, 'Discapacidades412', 'DiagnosticoPiscopedagogico412' ),
('Matricula413', 57.2, 28.4, 57.2, 'A+', 'NumeroSeguro413', 'UMF-413', NULL, 'EnfermedadesCronicas413', 'EnfermedadesHereditarias413', 'Discapacidades413', NULL ),
('Matricula414', 37.9, 28.6, 37.9, 'AB-', 'NumeroSeguro414', 'UMF-414', NULL, NULL, NULL, NULL, NULL ),
('Matricula415', 71.9, 38.8, 71.9, 'A-', 'NumeroSeguro415', 'UMF-415', NULL, 'EnfermedadesCronicas415', NULL, NULL, 'DiagnosticoPiscopedagogico415' ),
('Matricula416', 68, 35.2, 68, 'O+', 'NumeroSeguro416', 'UMF-416', NULL, NULL, NULL, 'Discapacidades416', NULL ),
('Matricula417', 42.7, 26, 42.7, 'B-', 'NumeroSeguro417', 'UMF-417', 'AlergiasDescripcion417', 'EnfermedadesCronicas417', NULL, 'Discapacidades417', 'DiagnosticoPiscopedagogico417' ),
('Matricula418', 69.7, 35, 69.7, 'B+', 'NumeroSeguro418', 'UMF-418', NULL, 'EnfermedadesCronicas418', 'EnfermedadesHereditarias418', 'Discapacidades418', 'DiagnosticoPiscopedagogico418' ),
('Matricula419', 85.7, 22.8, 85.7, 'B-', 'NumeroSeguro419', 'UMF-419', NULL, 'EnfermedadesCronicas419', 'EnfermedadesHereditarias419', 'Discapacidades419', NULL ),
('Matricula420', 95.8, 21.7, 95.8, 'O+', 'NumeroSeguro420', 'UMF-420', 'AlergiasDescripcion420', 'EnfermedadesCronicas420', 'EnfermedadesHereditarias420', 'Discapacidades420', 'DiagnosticoPiscopedagogico420' ),
('Matricula421', 56.4, 29.9, 56.4, 'O-', 'NumeroSeguro421', 'UMF-421', 'AlergiasDescripcion421', 'EnfermedadesCronicas421', 'EnfermedadesHereditarias421', NULL, 'DiagnosticoPiscopedagogico421' ),
('Matricula422', 50.2, 30, 50.2, 'O+', 'NumeroSeguro422', 'UMF-422', 'AlergiasDescripcion422', 'EnfermedadesCronicas422', 'EnfermedadesHereditarias422', 'Discapacidades422', NULL ),
('Matricula423', 74.6, 32.9, 74.6, 'B-', 'NumeroSeguro423', 'UMF-423', 'AlergiasDescripcion423', NULL, 'EnfermedadesHereditarias423', NULL, 'DiagnosticoPiscopedagogico423' ),
('Matricula424', 52.9, 24.9, 52.9, 'B-', 'NumeroSeguro424', 'UMF-424', 'AlergiasDescripcion424', NULL, 'EnfermedadesHereditarias424', 'Discapacidades424', 'DiagnosticoPiscopedagogico424' ),
('Matricula425', 74.8, 27.7, 74.8, 'O+', 'NumeroSeguro425', 'UMF-425', 'AlergiasDescripcion425', 'EnfermedadesCronicas425', NULL, NULL, 'DiagnosticoPiscopedagogico425' ),
('Matricula426', 42.2, 27.5, 42.2, 'O-', 'NumeroSeguro426', 'UMF-426', NULL, NULL, 'EnfermedadesHereditarias426', 'Discapacidades426', NULL ),
('Matricula427', 43.5, 33.2, 43.5, 'O-', 'NumeroSeguro427', 'UMF-427', NULL, 'EnfermedadesCronicas427', 'EnfermedadesHereditarias427', 'Discapacidades427', 'DiagnosticoPiscopedagogico427' ),
('Matricula428', 61.6, 36.3, 61.6, 'AB+', 'NumeroSeguro428', 'UMF-428', 'AlergiasDescripcion428', NULL, 'EnfermedadesHereditarias428', 'Discapacidades428', 'DiagnosticoPiscopedagogico428' ),
('Matricula429', 58, 35.7, 58, 'O+', 'NumeroSeguro429', 'UMF-429', 'AlergiasDescripcion429', NULL, 'EnfermedadesHereditarias429', 'Discapacidades429', NULL ),
('Matricula430', 95.9, 22.2, 95.9, 'O-', 'NumeroSeguro430', 'UMF-430', 'AlergiasDescripcion430', NULL, 'EnfermedadesHereditarias430', 'Discapacidades430', NULL ),
('Matricula431', 60.4, 23.2, 60.4, 'AB+', 'NumeroSeguro431', 'UMF-431', 'AlergiasDescripcion431', 'EnfermedadesCronicas431', 'EnfermedadesHereditarias431', 'Discapacidades431', 'DiagnosticoPiscopedagogico431' ),
('Matricula432', 79.1, 27.1, 79.1, 'AB-', 'NumeroSeguro432', 'UMF-432', 'AlergiasDescripcion432', NULL, NULL, NULL, 'DiagnosticoPiscopedagogico432' ),
('Matricula433', 54.1, 37.7, 54.1, 'O-', 'NumeroSeguro433', 'UMF-433', 'AlergiasDescripcion433', 'EnfermedadesCronicas433', NULL, 'Discapacidades433', 'DiagnosticoPiscopedagogico433' ),
('Matricula434', 62.8, 28.2, 62.8, 'B+', 'NumeroSeguro434', 'UMF-434', 'AlergiasDescripcion434', 'EnfermedadesCronicas434', NULL, NULL, NULL ),
('Matricula435', 88.6, 24.9, 88.6, 'AB+', 'NumeroSeguro435', 'UMF-435', NULL, NULL, NULL, 'Discapacidades435', 'DiagnosticoPiscopedagogico435' ),
('Matricula436', 60, 27.6, 60, 'AB+', 'NumeroSeguro436', 'UMF-436', NULL, NULL, NULL, NULL, NULL ),
('Matricula437', 39.7, 21.3, 39.7, 'O+', 'NumeroSeguro437', 'UMF-437', 'AlergiasDescripcion437', 'EnfermedadesCronicas437', 'EnfermedadesHereditarias437', NULL, NULL ),
('Matricula438', 32.2, 32.2, 32.2, 'A+', 'NumeroSeguro438', 'UMF-438', NULL, NULL, NULL, NULL, NULL ),
('Matricula439', 34.1, 38.5, 34.1, 'A-', 'NumeroSeguro439', 'UMF-439', 'AlergiasDescripcion439', 'EnfermedadesCronicas439', NULL, NULL, 'DiagnosticoPiscopedagogico439' ),
('Matricula440', 38.9, 21.5, 38.9, 'AB+', 'NumeroSeguro440', 'UMF-440', 'AlergiasDescripcion440', NULL, NULL, NULL, NULL ),
('Matricula441', 95, 28.7, 95, 'AB+', 'NumeroSeguro441', 'UMF-441', NULL, 'EnfermedadesCronicas441', 'EnfermedadesHereditarias441', NULL, NULL ),
('Matricula442', 36.7, 32.4, 36.7, 'A-', 'NumeroSeguro442', 'UMF-442', NULL, NULL, NULL, NULL, 'DiagnosticoPiscopedagogico442' ),
('Matricula443', 78, 37.5, 78, 'B-', 'NumeroSeguro443', 'UMF-443', 'AlergiasDescripcion443', NULL, NULL, NULL, NULL ),
('Matricula444', 55.8, 33.5, 55.8, 'AB-', 'NumeroSeguro444', 'UMF-444', 'AlergiasDescripcion444', 'EnfermedadesCronicas444', 'EnfermedadesHereditarias444', 'Discapacidades444', 'DiagnosticoPiscopedagogico444' ),
('Matricula445', 74.2, 22.8, 74.2, 'A-', 'NumeroSeguro445', 'UMF-445', NULL, 'EnfermedadesCronicas445', NULL, 'Discapacidades445', 'DiagnosticoPiscopedagogico445' ),
('Matricula446', 96.5, 33.9, 96.5, 'O+', 'NumeroSeguro446', 'UMF-446', NULL, NULL, NULL, 'Discapacidades446', 'DiagnosticoPiscopedagogico446' ),
('Matricula447', 38.1, 22.9, 38.1, 'O+', 'NumeroSeguro447', 'UMF-447', 'AlergiasDescripcion447', NULL, 'EnfermedadesHereditarias447', NULL, NULL ),
('Matricula448', 64.1, 31.6, 64.1, 'O+', 'NumeroSeguro448', 'UMF-448', 'AlergiasDescripcion448', 'EnfermedadesCronicas448', 'EnfermedadesHereditarias448', NULL, NULL ),
('Matricula449', 91, 37.3, 91, 'O-', 'NumeroSeguro449', 'UMF-449', NULL, 'EnfermedadesCronicas449', NULL, 'Discapacidades449', 'DiagnosticoPiscopedagogico449' ),
('Matricula450', 65.4, 23.5, 65.4, 'A-', 'NumeroSeguro450', 'UMF-450', NULL, NULL, NULL, 'Discapacidades450', NULL ),
('Matricula451', 70.2, 21.9, 70.2, 'B+', 'NumeroSeguro451', 'UMF-451', NULL, NULL, 'EnfermedadesHereditarias451', 'Discapacidades451', 'DiagnosticoPiscopedagogico451' ),
('Matricula452', 91.4, 22.8, 91.4, 'B+', 'NumeroSeguro452', 'UMF-452', NULL, NULL, 'EnfermedadesHereditarias452', NULL, 'DiagnosticoPiscopedagogico452' ),
('Matricula453', 99.5, 26.2, 99.5, 'B-', 'NumeroSeguro453', 'UMF-453', 'AlergiasDescripcion453', 'EnfermedadesCronicas453', 'EnfermedadesHereditarias453', NULL, NULL ),
('Matricula454', 79.4, 22, 79.4, 'A-', 'NumeroSeguro454', 'UMF-454', 'AlergiasDescripcion454', NULL, 'EnfermedadesHereditarias454', 'Discapacidades454', 'DiagnosticoPiscopedagogico454' ),
('Matricula455', 87.3, 29.9, 87.3, 'AB+', 'NumeroSeguro455', 'UMF-455', NULL, NULL, NULL, NULL, 'DiagnosticoPiscopedagogico455' ),
('Matricula456', 95.6, 31.4, 95.6, 'AB-', 'NumeroSeguro456', 'UMF-456', NULL, 'EnfermedadesCronicas456', 'EnfermedadesHereditarias456', NULL, 'DiagnosticoPiscopedagogico456' ),
('Matricula457', 44.2, 29.7, 44.2, 'O-', 'NumeroSeguro457', 'UMF-457', NULL, 'EnfermedadesCronicas457', 'EnfermedadesHereditarias457', NULL, NULL ),
('Matricula458', 37.2, 27.6, 37.2, 'O+', 'NumeroSeguro458', 'UMF-458', 'AlergiasDescripcion458', 'EnfermedadesCronicas458', 'EnfermedadesHereditarias458', NULL, NULL ),
('Matricula459', 95.8, 31.2, 95.8, 'B-', 'NumeroSeguro459', 'UMF-459', NULL, 'EnfermedadesCronicas459', 'EnfermedadesHereditarias459', 'Discapacidades459', 'DiagnosticoPiscopedagogico459' ),
('Matricula460', 40.7, 21, 40.7, 'AB+', 'NumeroSeguro460', 'UMF-460', NULL, 'EnfermedadesCronicas460', 'EnfermedadesHereditarias460', 'Discapacidades460', 'DiagnosticoPiscopedagogico460' ),
('Matricula461', 61.1, 27.5, 61.1, 'O+', 'NumeroSeguro461', 'UMF-461', NULL, NULL, 'EnfermedadesHereditarias461', NULL, NULL ),
('Matricula462', 70.9, 24.6, 70.9, 'A+', 'NumeroSeguro462', 'UMF-462', NULL, NULL, NULL, 'Discapacidades462', 'DiagnosticoPiscopedagogico462' ),
('Matricula463', 100.3, 30, 100.3, 'O+', 'NumeroSeguro463', 'UMF-463', 'AlergiasDescripcion463', 'EnfermedadesCronicas463', NULL, NULL, NULL ),
('Matricula464', 40.3, 31.1, 40.3, 'A+', 'NumeroSeguro464', 'UMF-464', NULL, 'EnfermedadesCronicas464', 'EnfermedadesHereditarias464', NULL, NULL ),
('Matricula465', 62.7, 25.7, 62.7, 'A-', 'NumeroSeguro465', 'UMF-465', NULL, 'EnfermedadesCronicas465', 'EnfermedadesHereditarias465', 'Discapacidades465', NULL ),
('Matricula466', 44.5, 34.9, 44.5, 'O-', 'NumeroSeguro466', 'UMF-466', 'AlergiasDescripcion466', 'EnfermedadesCronicas466', NULL, 'Discapacidades466', NULL ),
('Matricula467', 90.1, 24.3, 90.1, 'AB+', 'NumeroSeguro467', 'UMF-467', 'AlergiasDescripcion467', NULL, NULL, NULL, NULL ),
('Matricula468', 90.1, 35.7, 90.1, 'A+', 'NumeroSeguro468', 'UMF-468', NULL, 'EnfermedadesCronicas468', 'EnfermedadesHereditarias468', NULL, 'DiagnosticoPiscopedagogico468' ),
('Matricula469', 99.9, 25.1, 99.9, 'A+', 'NumeroSeguro469', 'UMF-469', NULL, 'EnfermedadesCronicas469', NULL, NULL, NULL ),
('Matricula470', 96.8, 36.3, 96.8, 'B-', 'NumeroSeguro470', 'UMF-470', 'AlergiasDescripcion470', NULL, NULL, 'Discapacidades470', 'DiagnosticoPiscopedagogico470' ),
('Matricula471', 84.9, 34.7, 84.9, 'O-', 'NumeroSeguro471', 'UMF-471', 'AlergiasDescripcion471', 'EnfermedadesCronicas471', 'EnfermedadesHereditarias471', NULL, 'DiagnosticoPiscopedagogico471' ),
('Matricula472', 78.1, 21.6, 78.1, 'B-', 'NumeroSeguro472', 'UMF-472', 'AlergiasDescripcion472', 'EnfermedadesCronicas472', 'EnfermedadesHereditarias472', 'Discapacidades472', NULL ),
('Matricula473', 43.3, 28.2, 43.3, 'AB-', 'NumeroSeguro473', 'UMF-473', 'AlergiasDescripcion473', NULL, NULL, 'Discapacidades473', NULL ),
('Matricula474', 84.1, 29, 84.1, 'B-', 'NumeroSeguro474', 'UMF-474', 'AlergiasDescripcion474', 'EnfermedadesCronicas474', 'EnfermedadesHereditarias474', 'Discapacidades474', 'DiagnosticoPiscopedagogico474' ),
('Matricula475', 37.6, 35.4, 37.6, 'B-', 'NumeroSeguro475', 'UMF-475', NULL, 'EnfermedadesCronicas475', 'EnfermedadesHereditarias475', NULL, NULL ),
('Matricula476', 91.6, 27.2, 91.6, 'A+', 'NumeroSeguro476', 'UMF-476', NULL, NULL, NULL, NULL, NULL ),
('Matricula477', 33, 29.6, 33, 'AB+', 'NumeroSeguro477', 'UMF-477', 'AlergiasDescripcion477', NULL, 'EnfermedadesHereditarias477', NULL, NULL ),
('Matricula478', 75.3, 32.1, 75.3, 'AB+', 'NumeroSeguro478', 'UMF-478', 'AlergiasDescripcion478', NULL, 'EnfermedadesHereditarias478', NULL, 'DiagnosticoPiscopedagogico478' ),
('Matricula479', 35, 21.5, 35, 'AB-', 'NumeroSeguro479', 'UMF-479', 'AlergiasDescripcion479', NULL, NULL, NULL, 'DiagnosticoPiscopedagogico479' ),
('Matricula480', 57.1, 24.7, 57.1, 'O+', 'NumeroSeguro480', 'UMF-480', 'AlergiasDescripcion480', 'EnfermedadesCronicas480', 'EnfermedadesHereditarias480', NULL, 'DiagnosticoPiscopedagogico480' ),
('Matricula481', 56.5, 37, 56.5, 'A-', 'NumeroSeguro481', 'UMF-481', 'AlergiasDescripcion481', NULL, NULL, NULL, 'DiagnosticoPiscopedagogico481' ),
('Matricula482', 92.2, 30.9, 92.2, 'A+', 'NumeroSeguro482', 'UMF-482', NULL, NULL, NULL, NULL, NULL ),
('Matricula483', 36.3, 31, 36.3, 'A+', 'NumeroSeguro483', 'UMF-483', 'AlergiasDescripcion483', NULL, NULL, 'Discapacidades483', NULL ),
('Matricula484', 76.5, 35.7, 76.5, 'AB+', 'NumeroSeguro484', 'UMF-484', 'AlergiasDescripcion484', NULL, NULL, NULL, 'DiagnosticoPiscopedagogico484' ),
('Matricula485', 98, 28.3, 98, 'B-', 'NumeroSeguro485', 'UMF-485', 'AlergiasDescripcion485', NULL, 'EnfermedadesHereditarias485', 'Discapacidades485', NULL ),
('Matricula486', 48.9, 38.9, 48.9, 'AB-', 'NumeroSeguro486', 'UMF-486', 'AlergiasDescripcion486', NULL, NULL, NULL, NULL ),
('Matricula487', 37.2, 25.2, 37.2, 'B-', 'NumeroSeguro487', 'UMF-487', 'AlergiasDescripcion487', 'EnfermedadesCronicas487', 'EnfermedadesHereditarias487', 'Discapacidades487', 'DiagnosticoPiscopedagogico487' ),
('Matricula488', 81.3, 31.1, 81.3, 'O+', 'NumeroSeguro488', 'UMF-488', 'AlergiasDescripcion488', NULL, 'EnfermedadesHereditarias488', 'Discapacidades488', NULL ),
('Matricula489', 98, 29, 98, 'O-', 'NumeroSeguro489', 'UMF-489', NULL, NULL, 'EnfermedadesHereditarias489', 'Discapacidades489', NULL ),
('Matricula490', 82.1, 27.3, 82.1, 'A+', 'NumeroSeguro490', 'UMF-490', NULL, NULL, 'EnfermedadesHereditarias490', 'Discapacidades490', NULL ),
('Matricula491', 42, 25.9, 42, 'A+', 'NumeroSeguro491', 'UMF-491', 'AlergiasDescripcion491', NULL, NULL, 'Discapacidades491', NULL ),
('Matricula492', 67.8, 27.9, 67.8, 'O+', 'NumeroSeguro492', 'UMF-492', 'AlergiasDescripcion492', 'EnfermedadesCronicas492', NULL, NULL, NULL ),
('Matricula493', 47, 37, 47, 'A+', 'NumeroSeguro493', 'UMF-493', NULL, 'EnfermedadesCronicas493', 'EnfermedadesHereditarias493', 'Discapacidades493', NULL ),
('Matricula494', 76.6, 35.1, 76.6, 'A+', 'NumeroSeguro494', 'UMF-494', NULL, 'EnfermedadesCronicas494', NULL, NULL, 'DiagnosticoPiscopedagogico494' ),
('Matricula495', 54.9, 32.4, 54.9, 'A-', 'NumeroSeguro495', 'UMF-495', 'AlergiasDescripcion495', NULL, 'EnfermedadesHereditarias495', 'Discapacidades495', 'DiagnosticoPiscopedagogico495' ),
('Matricula496', 100.7, 34.1, 100.7, 'AB-', 'NumeroSeguro496', 'UMF-496', 'AlergiasDescripcion496', NULL, NULL, 'Discapacidades496', NULL ),
('Matricula497', 94.9, 32.6, 94.9, 'O+', 'NumeroSeguro497', 'UMF-497', NULL, 'EnfermedadesCronicas497', 'EnfermedadesHereditarias497', NULL, NULL ),
('Matricula498', 33.9, 35.6, 33.9, 'AB+', 'NumeroSeguro498', 'UMF-498', NULL, NULL, NULL, 'Discapacidades498', NULL ),
('Matricula499', 86.4, 28, 86.4, 'O+', 'NumeroSeguro499', 'UMF-499', NULL, NULL, 'EnfermedadesHereditarias499', 'Discapacidades499', NULL ),
('Matricula500', 70, 25.9, 70, 'O-', 'NumeroSeguro500', 'UMF-500', 'AlergiasDescripcion500', NULL, 'EnfermedadesHereditarias500', NULL, NULL ) 
;

INSERT INTO LOGRO ( Folio, MatEstudiante, Tipo, Descripcion, fecha )
VALUES
(1, 'Matricula498', 'Certificado', 'Descripcion1', '2010-1-5'),
(2, 'Matricula273', 'Mención Honorifica', 'Descripcion2', '2009-9-2'),
(3, 'Matricula139', 'Mención Honorifica', 'Descripcion3', '2014-11-14'),
(4, 'Matricula313', 'Reconocimiento', 'Descripcion4', '2009-4-4'),
(5, 'Matricula36', 'Certificado', 'Descripcion5', '2009-9-6'),
(6, 'Matricula372', 'Reconocimiento', 'Descripcion6', '2013-1-10'),
(7, 'Matricula303', 'Mención Honorifica', 'Descripcion7', '2007-6-6'),
(8, 'Matricula377', 'Certificado', 'Descripcion8', '2007-3-13'),
(9, 'Matricula375', 'Reconocimiento', 'Descripcion9', '2006-7-17'),
(10, 'Matricula242', 'Diploma', 'Descripcion10', '2006-4-18'),
(11, 'Matricula5', 'Diploma', 'Descripcion11', '2015-7-20'),
(12, 'Matricula80', 'Reconocimiento', 'Descripcion12', '2006-6-22'),
(13, 'Matricula207', 'Reconocimiento', 'Descripcion13', '2012-11-27'),
(14, 'Matricula70', 'Reconocimiento', 'Descripcion14', '2010-5-17'),
(15, 'Matricula453', 'Reconocimiento', 'Descripcion15', '2006-8-2'),
(16, 'Matricula64', 'Mención Honorifica', 'Descripcion16', '2007-10-2'),
(17, 'Matricula372', 'Certificado', 'Descripcion17', '2011-7-12'),
(18, 'Matricula273', 'Mención Honorifica', 'Descripcion18', '2009-4-5'),
(19, 'Matricula130', 'Reconocimiento', 'Descripcion19', '2015-3-22'),
(20, 'Matricula122', 'Mención Honorifica', 'Descripcion20', '2006-3-27'),
(21, 'Matricula478', 'Certificado', 'Descripcion21', '2008-8-11'),
(22, 'Matricula495', 'Certificado', 'Descripcion22', '2009-3-2'),
(23, 'Matricula187', 'Mención Honorifica', 'Descripcion23', '2006-9-15'),
(24, 'Matricula214', 'Reconocimiento', 'Descripcion24', '2007-11-8'),
(25, 'Matricula438', 'Certificado', 'Descripcion25', '2009-3-21'),
(26, 'Matricula366', 'Diploma', 'Descripcion26', '2011-1-17'),
(27, 'Matricula245', 'Diploma', 'Descripcion27', '2006-7-12'),
(28, 'Matricula44', 'Certificado', 'Descripcion28', '2008-5-7'),
(29, 'Matricula112', 'Mención Honorifica', 'Descripcion29', '2013-9-11'),
(30, 'Matricula91', 'Reconocimiento', 'Descripcion30', '2006-5-7'),
(31, 'Matricula200', 'Certificado', 'Descripcion31', '2013-7-2'),
(32, 'Matricula201', 'Reconocimiento', 'Descripcion32', '2013-2-8'),
(33, 'Matricula114', 'Reconocimiento', 'Descripcion33', '2015-11-14'),
(34, 'Matricula354', 'Reconocimiento', 'Descripcion34', '2008-5-22'),
(35, 'Matricula397', 'Reconocimiento', 'Descripcion35', '2007-8-24'),
(36, 'Matricula317', 'Diploma', 'Descripcion36', '2014-10-14'),
(37, 'Matricula97', 'Reconocimiento', 'Descripcion37', '2009-6-2'),
(38, 'Matricula3', 'Certificado', 'Descripcion38', '2007-2-24'),
(39, 'Matricula328', 'Reconocimiento', 'Descripcion39', '2007-12-20'),
(40, 'Matricula286', 'Diploma', 'Descripcion40', '2012-3-2'),
(41, 'Matricula320', 'Reconocimiento', 'Descripcion41', '2013-7-25'),
(42, 'Matricula34', 'Diploma', 'Descripcion42', '2014-1-28'),
(43, 'Matricula82', 'Reconocimiento', 'Descripcion43', '2008-10-6'),
(44, 'Matricula418', 'Mención Honorifica', 'Descripcion44', '2012-8-24'),
(45, 'Matricula204', 'Certificado', 'Descripcion45', '2012-2-14'),
(46, 'Matricula269', 'Diploma', 'Descripcion46', '2008-12-27'),
(47, 'Matricula82', 'Diploma', 'Descripcion47', '2008-11-25'),
(48, 'Matricula245', 'Reconocimiento', 'Descripcion48', '2014-3-13'),
(49, 'Matricula77', 'Reconocimiento', 'Descripcion49', '2010-1-18'),
(50, 'Matricula62', 'Diploma', 'Descripcion50', '2013-10-20'),
(51, 'Matricula370', 'Diploma', 'Descripcion51', '2013-7-9'),
(52, 'Matricula144', 'Mención Honorifica', 'Descripcion52', '2007-12-18'),
(53, 'Matricula145', 'Mención Honorifica', 'Descripcion53', '2007-7-9'),
(54, 'Matricula245', 'Reconocimiento', 'Descripcion54', '2009-3-2'),
(55, 'Matricula352', 'Diploma', 'Descripcion55', '2010-9-22'),
(56, 'Matricula360', 'Mención Honorifica', 'Descripcion56', '2011-10-3'),
(57, 'Matricula457', 'Mención Honorifica', 'Descripcion57', '2011-9-3'),
(58, 'Matricula43', 'Diploma', 'Descripcion58', '2012-8-26'),
(59, 'Matricula370', 'Diploma', 'Descripcion59', '2010-6-20'),
(60, 'Matricula220', 'Certificado', 'Descripcion60', '2010-2-18'),
(61, 'Matricula30', 'Diploma', 'Descripcion61', '2011-3-28'),
(62, 'Matricula187', 'Certificado', 'Descripcion62', '2015-5-2'),
(63, 'Matricula98', 'Certificado', 'Descripcion63', '2007-7-9'),
(64, 'Matricula413', 'Reconocimiento', 'Descripcion64', '2012-12-8'),
(65, 'Matricula18', 'Mención Honorifica', 'Descripcion65', '2015-6-22'),
(66, 'Matricula9', 'Certificado', 'Descripcion66', '2015-2-17'),
(67, 'Matricula361', 'Mención Honorifica', 'Descripcion67', '2009-2-19'),
(68, 'Matricula435', 'Mención Honorifica', 'Descripcion68', '2006-1-26'),
(69, 'Matricula146', 'Mención Honorifica', 'Descripcion69', '2013-1-1'),
(70, 'Matricula383', 'Certificado', 'Descripcion70', '2007-2-22'),
(71, 'Matricula348', 'Reconocimiento', 'Descripcion71', '2015-4-4'),
(72, 'Matricula50', 'Reconocimiento', 'Descripcion72', '2014-3-27'),
(73, 'Matricula454', 'Diploma', 'Descripcion73', '2014-12-12'),
(74, 'Matricula361', 'Certificado', 'Descripcion74', '2008-10-24'),
(75, 'Matricula206', 'Diploma', 'Descripcion75', '2011-12-23'),
(76, 'Matricula372', 'Certificado', 'Descripcion76', '2015-7-15'),
(77, 'Matricula265', 'Mención Honorifica', 'Descripcion77', '2011-4-16'),
(78, 'Matricula413', 'Mención Honorifica', 'Descripcion78', '2006-11-9'),
(79, 'Matricula285', 'Certificado', 'Descripcion79', '2015-2-22'),
(80, 'Matricula45', 'Mención Honorifica', 'Descripcion80', '2014-1-22'),
(81, 'Matricula266', 'Reconocimiento', 'Descripcion81', '2009-8-28'),
(82, 'Matricula102', 'Reconocimiento', 'Descripcion82', '2012-5-24'),
(83, 'Matricula169', 'Certificado', 'Descripcion83', '2013-1-5'),
(84, 'Matricula182', 'Reconocimiento', 'Descripcion84', '2008-5-25'),
(85, 'Matricula405', 'Diploma', 'Descripcion85', '2010-9-19'),
(86, 'Matricula308', 'Reconocimiento', 'Descripcion86', '2013-5-10'),
(87, 'Matricula479', 'Mención Honorifica', 'Descripcion87', '2010-5-14'),
(88, 'Matricula423', 'Mención Honorifica', 'Descripcion88', '2010-7-11'),
(89, 'Matricula358', 'Mención Honorifica', 'Descripcion89', '2009-1-7'),
(90, 'Matricula447', 'Diploma', 'Descripcion90', '2013-10-15'),
(91, 'Matricula463', 'Mención Honorifica', 'Descripcion91', '2006-2-15'),
(92, 'Matricula60', 'Reconocimiento', 'Descripcion92', '2010-5-5'),
(93, 'Matricula259', 'Reconocimiento', 'Descripcion93', '2011-10-28'),
(94, 'Matricula439', 'Reconocimiento', 'Descripcion94', '2011-3-18'),
(95, 'Matricula334', 'Diploma', 'Descripcion95', '2008-2-1'),
(96, 'Matricula80', 'Reconocimiento', 'Descripcion96', '2006-9-4'),
(97, 'Matricula198', 'Mención Honorifica', 'Descripcion97', '2013-6-3'),
(98, 'Matricula400', 'Diploma', 'Descripcion98', '2008-3-23'),
(99, 'Matricula163', 'Mención Honorifica', 'Descripcion99', '2007-11-14'),
(100, 'Matricula428', 'Certificado', 'Descripcion100', '2007-5-17'),
(101, 'Matricula429', 'Diploma', 'Descripcion101', '2015-11-2'),
(102, 'Matricula277', 'Mención Honorifica', 'Descripcion102', '2015-7-7'),
(103, 'Matricula393', 'Mención Honorifica', 'Descripcion103', '2011-12-7'),
(104, 'Matricula233', 'Mención Honorifica', 'Descripcion104', '2013-1-6'),
(105, 'Matricula172', 'Diploma', 'Descripcion105', '2009-9-3'),
(106, 'Matricula175', 'Mención Honorifica', 'Descripcion106', '2011-4-10'),
(107, 'Matricula271', 'Mención Honorifica', 'Descripcion107', '2009-8-18'),
(108, 'Matricula346', 'Reconocimiento', 'Descripcion108', '2015-7-11'),
(109, 'Matricula318', 'Mención Honorifica', 'Descripcion109', '2013-5-26'),
(110, 'Matricula27', 'Mención Honorifica', 'Descripcion110', '2011-10-17'),
(111, 'Matricula222', 'Reconocimiento', 'Descripcion111', '2006-2-13'),
(112, 'Matricula9', 'Certificado', 'Descripcion112', '2014-10-24'),
(113, 'Matricula103', 'Mención Honorifica', 'Descripcion113', '2012-12-3'),
(114, 'Matricula260', 'Certificado', 'Descripcion114', '2006-10-8'),
(115, 'Matricula241', 'Reconocimiento', 'Descripcion115', '2008-6-13'),
(116, 'Matricula274', 'Diploma', 'Descripcion116', '2008-1-21'),
(117, 'Matricula426', 'Certificado', 'Descripcion117', '2009-12-15'),
(118, 'Matricula94', 'Mención Honorifica', 'Descripcion118', '2010-3-8'),
(119, 'Matricula327', 'Certificado', 'Descripcion119', '2014-8-14'),
(120, 'Matricula418', 'Certificado', 'Descripcion120', '2007-3-27'),
(121, 'Matricula379', 'Diploma', 'Descripcion121', '2013-10-24'),
(122, 'Matricula155', 'Diploma', 'Descripcion122', '2010-11-23'),
(123, 'Matricula244', 'Certificado', 'Descripcion123', '2015-12-12'),
(124, 'Matricula68', 'Diploma', 'Descripcion124', '2007-3-17'),
(125, 'Matricula234', 'Certificado', 'Descripcion125', '2007-4-16'),
(126, 'Matricula195', 'Mención Honorifica', 'Descripcion126', '2008-12-2'),
(127, 'Matricula26', 'Certificado', 'Descripcion127', '2006-6-17'),
(128, 'Matricula351', 'Diploma', 'Descripcion128', '2011-10-16'),
(129, 'Matricula386', 'Mención Honorifica', 'Descripcion129', '2014-8-7'),
(130, 'Matricula340', 'Mención Honorifica', 'Descripcion130', '2013-6-6'),
(131, 'Matricula499', 'Reconocimiento', 'Descripcion131', '2012-1-19'),
(132, 'Matricula201', 'Mención Honorifica', 'Descripcion132', '2007-9-20'),
(133, 'Matricula471', 'Reconocimiento', 'Descripcion133', '2015-9-20'),
(134, 'Matricula232', 'Reconocimiento', 'Descripcion134', '2007-10-12'),
(135, 'Matricula9', 'Mención Honorifica', 'Descripcion135', '2006-11-27'),
(136, 'Matricula132', 'Certificado', 'Descripcion136', '2008-5-5'),
(137, 'Matricula39', 'Diploma', 'Descripcion137', '2014-8-5'),
(138, 'Matricula253', 'Mención Honorifica', 'Descripcion138', '2008-3-8'),
(139, 'Matricula11', 'Certificado', 'Descripcion139', '2015-4-10'),
(140, 'Matricula422', 'Certificado', 'Descripcion140', '2009-12-13'),
(141, 'Matricula125', 'Reconocimiento', 'Descripcion141', '2013-5-13'),
(142, 'Matricula348', 'Diploma', 'Descripcion142', '2009-2-16'),
(143, 'Matricula12', 'Diploma', 'Descripcion143', '2015-2-21'),
(144, 'Matricula179', 'Mención Honorifica', 'Descripcion144', '2013-6-3'),
(145, 'Matricula44', 'Diploma', 'Descripcion145', '2006-8-25'),
(146, 'Matricula394', 'Diploma', 'Descripcion146', '2007-10-17'),
(147, 'Matricula216', 'Certificado', 'Descripcion147', '2013-11-23'),
(148, 'Matricula14', 'Mención Honorifica', 'Descripcion148', '2008-6-1'),
(149, 'Matricula495', 'Reconocimiento', 'Descripcion149', '2011-9-21'),
(150, 'Matricula242', 'Mención Honorifica', 'Descripcion150', '2012-12-27'),
(151, 'Matricula105', 'Reconocimiento', 'Descripcion151', '2014-12-19'),
(152, 'Matricula251', 'Certificado', 'Descripcion152', '2010-7-12'),
(153, 'Matricula16', 'Reconocimiento', 'Descripcion153', '2014-5-18'),
(154, 'Matricula209', 'Certificado', 'Descripcion154', '2015-4-26'),
(155, 'Matricula461', 'Mención Honorifica', 'Descripcion155', '2008-9-22'),
(156, 'Matricula489', 'Diploma', 'Descripcion156', '2012-7-20'),
(157, 'Matricula159', 'Mención Honorifica', 'Descripcion157', '2008-5-2'),
(158, 'Matricula284', 'Reconocimiento', 'Descripcion158', '2015-8-2'),
(159, 'Matricula182', 'Mención Honorifica', 'Descripcion159', '2012-12-4'),
(160, 'Matricula175', 'Reconocimiento', 'Descripcion160', '2008-2-7'),
(161, 'Matricula364', 'Mención Honorifica', 'Descripcion161', '2008-11-2'),
(162, 'Matricula187', 'Mención Honorifica', 'Descripcion162', '2015-5-28'),
(163, 'Matricula67', 'Certificado', 'Descripcion163', '2008-4-21'),
(164, 'Matricula389', 'Mención Honorifica', 'Descripcion164', '2014-9-6'),
(165, 'Matricula182', 'Certificado', 'Descripcion165', '2013-12-20'),
(166, 'Matricula66', 'Diploma', 'Descripcion166', '2006-4-3'),
(167, 'Matricula196', 'Diploma', 'Descripcion167', '2009-11-18'),
(168, 'Matricula229', 'Mención Honorifica', 'Descripcion168', '2013-3-1'),
(169, 'Matricula131', 'Diploma', 'Descripcion169', '2009-9-1'),
(170, 'Matricula475', 'Diploma', 'Descripcion170', '2007-6-24'),
(171, 'Matricula440', 'Certificado', 'Descripcion171', '2006-11-14'),
(172, 'Matricula80', 'Certificado', 'Descripcion172', '2006-1-10'),
(173, 'Matricula487', 'Diploma', 'Descripcion173', '2012-2-5'),
(174, 'Matricula249', 'Diploma', 'Descripcion174', '2006-1-13'),
(175, 'Matricula28', 'Reconocimiento', 'Descripcion175', '2013-6-9'),
(176, 'Matricula359', 'Certificado', 'Descripcion176', '2014-3-3'),
(177, 'Matricula291', 'Reconocimiento', 'Descripcion177', '2009-11-9'),
(178, 'Matricula193', 'Mención Honorifica', 'Descripcion178', '2007-7-4'),
(179, 'Matricula411', 'Certificado', 'Descripcion179', '2011-7-2'),
(180, 'Matricula159', 'Certificado', 'Descripcion180', '2015-9-7'),
(181, 'Matricula439', 'Mención Honorifica', 'Descripcion181', '2011-1-16'),
(182, 'Matricula67', 'Certificado', 'Descripcion182', '2008-11-1'),
(183, 'Matricula351', 'Reconocimiento', 'Descripcion183', '2015-7-8'),
(184, 'Matricula89', 'Reconocimiento', 'Descripcion184', '2015-10-5'),
(185, 'Matricula326', 'Diploma', 'Descripcion185', '2011-6-8'),
(186, 'Matricula119', 'Mención Honorifica', 'Descripcion186', '2006-7-6'),
(187, 'Matricula31', 'Mención Honorifica', 'Descripcion187', '2013-2-21'),
(188, 'Matricula44', 'Certificado', 'Descripcion188', '2011-10-22'),
(189, 'Matricula81', 'Reconocimiento', 'Descripcion189', '2011-7-9'),
(190, 'Matricula127', 'Reconocimiento', 'Descripcion190', '2015-12-5'),
(191, 'Matricula429', 'Certificado', 'Descripcion191', '2010-11-17'),
(192, 'Matricula419', 'Reconocimiento', 'Descripcion192', '2010-2-23'),
(193, 'Matricula306', 'Reconocimiento', 'Descripcion193', '2007-5-16'),
(194, 'Matricula211', 'Mención Honorifica', 'Descripcion194', '2014-3-16'),
(195, 'Matricula433', 'Certificado', 'Descripcion195', '2014-10-17'),
(196, 'Matricula30', 'Mención Honorifica', 'Descripcion196', '2013-2-19'),
(197, 'Matricula163', 'Certificado', 'Descripcion197', '2010-3-23'),
(198, 'Matricula283', 'Certificado', 'Descripcion198', '2011-10-26'),
(199, 'Matricula378', 'Mención Honorifica', 'Descripcion199', '2008-11-3'),
(200, 'Matricula316', 'Diploma', 'Descripcion200', '2015-11-19') 
;

